id|memberevent_id|tag_id
180|114|425
181|115|425
182|116|425
183|117|438
184|118|432
185|119|432
186|120|432
187|121|431
188|122|432
189|123|432
190|125|425
191|126|425
192|124|425
193|127|432
194|130|432
195|130|717
196|131|432
197|131|426
198|132|432
199|132|426
200|133|432
201|134|425
202|135|434
203|136|440
204|136|419
205|137|432
206|137|433
207|138|425
208|139|481
78|41|481
209|140|481
210|141|432
211|142|432
84|44|432
85|42|438
87|40|425
88|47|481
89|48|432
90|48|169
91|49|481
92|50|432
93|50|425
94|51|433
95|52|432
96|53|432
97|53|418
98|54|432
99|55|432
100|56|432
213|144|425
102|58|432
103|59|432
104|60|425
105|61|432
106|62|432
214|144|426
108|64|432
109|65|432
215|144|717
111|64|433
112|66|432
680|433|1067
114|69|194
115|68|432
116|70|432
217|146|432
118|71|432
119|71|433
120|73|432
121|73|433
122|74|425
123|75|432
124|76|432
125|76|438
126|78|432
127|77|432
128|79|426
129|84|426
218|147|426
131|86|425
219|148|432
133|88|432
134|88|433
135|80|425
136|81|717
137|63|425
138|82|717
139|89|81
140|83|425
141|85|481
142|87|481
143|90|434
220|148|429
221|148|440
146|92|432
147|93|484
148|93|717
149|94|432
150|94|47
151|95|432
152|96|146
153|97|146
154|98|432
155|99|146
156|100|717
157|101|432
158|101|47
159|102|474
160|102|426
161|102|437
162|103|432
163|104|432
164|104|433
165|105|717
166|106|432
167|107|434
168|107|426
169|108|445
170|91|432
171|109|440
172|109|726
173|110|432
174|111|425
175|111|157
176|111|726
177|111|429
178|112|440
179|113|438
222|148|431
224|150|425
227|151|425
228|151|426
229|152|425
230|152|717
231|149|425
236|153|425
237|157|426
681|433|1071
239|159|440
240|160|432
241|161|432
242|161|433
243|162|426
244|163|432
247|166|432
248|167|432
249|169|432
250|171|432
251|171|147
252|172|432
253|170|432
254|173|714
255|173|717
256|174|829
257|175|438
258|176|438
259|177|438
260|178|438
261|179|425
262|180|438
263|181|425
264|181|717
266|183|434
267|183|426
268|183|429
269|184|440
270|184|419
271|184|429
272|185|432
273|185|433
274|186|432
275|186|433
276|45|432
277|45|433
278|45|426
279|187|438
280|188|120
281|189|432
282|189|433
283|190|425
284|191|432
285|192|434
286|192|717
287|193|425
288|194|425
289|194|717
290|195|432
291|196|432
292|196|437
293|196|425
294|196|426
295|196|475
296|197|432
297|198|432
298|198|433
299|198|429
300|199|717
301|200|425
302|200|426
303|201|432
304|201|433
305|201|429
306|203|432
307|204|426
308|204|714
309|204|429
310|204|717
311|204|431
312|204|432
313|204|433
314|204|437
315|205|432
316|206|432
317|207|432
319|209|432
320|210|432
321|212|432
322|213|432
323|214|432
324|215|717
325|211|425
326|216|432
327|216|433
328|217|714
329|217|717
330|217|431
331|218|434
332|218|714
333|219|425
334|221|433
335|222|432
336|223|426
337|224|429
338|225|432
339|226|426
340|227|426
341|228|432
342|228|419
343|228|429
344|229|432
345|230|432
346|230|433
347|230|425
348|231|432
349|231|433
350|232|425
351|233|432
352|233|433
353|234|432
354|234|433
355|221|434
356|221|428
357|235|432
358|235|433
359|236|426
361|238|432
362|239|434
363|239|717
364|240|440
365|240|434
366|240|419
367|240|429
368|241|429
369|242|433
371|243|432
372|244|432
373|245|425
374|245|437
375|246|432
376|246|433
377|248|432
378|249|419
379|249|438
380|250|425
381|251|425
382|251|429
383|252|429
384|253|418
385|253|429
386|254|432
387|254|433
390|255|419
391|255|440
392|256|425
393|257|432
394|258|425
395|259|425
396|255|429
397|260|432
398|261|432
399|262|432
400|263|432
401|265|425
402|265|717
403|267|432
404|267|433
405|268|432
406|268|433
409|270|426
410|270|429
411|271|425
412|271|426
414|273|426
415|274|432
416|275|432
417|275|433
418|276|429
419|277|432
420|278|426
421|279|714
422|280|432
423|280|717
424|281|432
425|281|433
426|282|432
427|282|426
428|283|432
429|283|433
430|284|425
431|284|426
432|285|425
433|285|717
434|287|432
435|288|432
436|289|717
437|290|425
438|291|481
439|291|425
440|292|425
441|293|432
442|293|433
443|294|432
444|295|432
445|296|425
446|297|425
447|298|432
448|299|432
449|299|433
450|300|432
451|301|419
452|302|432
453|303|419
454|304|432
455|305|432
456|306|432
457|307|717
458|308|717
459|310|425
460|311|425
461|312|432
462|312|588
463|313|432
464|315|432
466|316|717
467|319|425
468|321|481
469|324|426
470|324|434
471|325|425
472|325|434
473|325|429
474|327|717
475|329|432
476|329|425
477|330|432
478|328|432
479|323|429
480|331|432
482|333|432
483|334|432
484|335|429
485|336|432
486|337|432
487|337|429
488|338|432
489|338|433
490|339|433
491|340|437
492|341|433
493|342|994
494|344|481
495|345|429
496|346|717
497|347|717
498|348|432
499|349|432
500|350|12
501|351|432
502|352|432
503|353|717
504|354|481
505|355|1009
506|356|432
507|357|426
508|357|434
509|357|429
510|358|432
511|359|432
512|360|717
513|361|481
514|362|432
515|362|425
516|362|429
517|363|434
518|363|429
519|364|434
520|364|429
521|365|1009
522|366|434
523|366|717
524|367|432
525|368|432
526|370|437
527|372|425
528|373|425
529|374|432
530|374|433
531|375|432
532|375|433
533|376|432
534|377|717
535|380|419
536|381|429
537|382|714
538|383|426
539|326|434
540|326|429
541|378|432
542|379|432
543|371|434
544|371|429
545|384|717
546|383|432
547|385|432
548|385|433
549|386|432
550|386|433
551|386|434
552|387|476
553|388|717
554|389|433
555|389|726
556|390|29
557|391|717
558|392|431
559|393|425
682|434|1081
561|394|425
562|395|425
563|395|726
564|396|425
565|396|426
566|397|1009
683|434|434
684|434|1084
569|399|717
685|435|1009
686|435|429
572|402|425
573|403|419
574|404|1052
575|405|425
576|406|425
577|407|432
578|407|433
579|408|431
580|409|717
581|410|425
582|411|419
583|412|714
584|413|432
585|413|433
586|414|419
587|415|433
687|436|433
688|436|497
689|436|1071
591|418|432
592|401|1017
593|401|425
690|437|433
691|437|1029
692|438|1020
597|397|1035
693|438|429
599|393|1017
694|438|1071
695|438|433
602|398|432
603|398|1067
696|438|1084
697|439|433
606|417|1050
607|417|717
608|400|1017
609|400|425
610|398|1071
611|414|1115
612|403|1115
613|396|717
614|396|1042
615|405|1017
616|399|1042
617|407|1029
618|407|1071
619|408|440
620|408|1060
621|413|1029
622|413|1071
623|416|1057
624|416|1042
625|416|1055
626|419|432
627|419|1071
628|420|432
629|421|425
630|421|429
699|439|1071
635|423|1017
636|423|425
637|423|726
638|424|1017
639|424|425
640|424|429
641|424|726
642|425|1017
643|425|425
644|425|1063
645|426|1017
646|426|425
647|426|1063
651|427|1063
656|145|1073
657|145|433
658|145|1133
659|145|1071
660|427|1073
661|427|433
662|427|1071
666|429|1073
667|429|433
668|429|1063
669|429|1071
670|158|1081
671|158|1050
672|158|1042
673|430|425
674|430|1017
675|430|1139
676|431|1017
677|431|425
678|431|429
679|432|1071
700|439|1142
701|440|433
1935|889|71357
703|440|1071
704|440|1158
705|441|1161
706|441|433
707|441|1071
708|442|433
709|442|1226
710|442|1071
711|443|1113
712|443|475
713|443|431
714|444|1084
715|445|1057
716|445|1059
717|445|419
718|445|1020
719|445|431
720|445|433
721|445|1042
722|445|434
723|445|1117
724|445|438
725|445|1080
726|445|1081
727|445|1084
728|445|1085
729|446|1009
730|447|1060
731|447|1063
732|447|1033
733|447|425
734|447|429
735|447|1071
736|447|1009
737|447|1075
738|447|1084
1936|889|1071
1939|893|1257
741|449|774
742|450|1073
743|450|1258
744|450|1259
1942|897|1257
1945|900|1257
1946|901|1257
1949|904|1257
1952|908|71357
1953|908|1254
1956|910|71357
1957|910|1254
753|459|431
1960|912|1042
1961|912|71139
1962|912|1115
1963|912|71357
2807|1159|433
759|465|425
760|466|1009
2808|1159|1067
2809|1159|9052
763|460|71120
2813|1161|71408
765|453|71120
766|456|71120
2814|1161|1071
768|465|1009
769|459|1009
770|463|1009
771|460|1009
772|462|1009
773|461|1009
774|464|1009
2817|1163|504
776|454|726
777|460|726
778|465|726
779|459|726
780|463|726
2823|1165|71139
782|453|726
783|456|726
784|451|726
785|455|726
786|457|726
787|466|726
788|462|726
789|461|726
790|464|726
2824|1165|1256
2825|1165|1257
2826|1165|425
2827|1165|429
2828|1165|1009
2829|1165|71357
2830|1165|71423
2839|1167|71139
799|462|501
800|462|534
801|461|511
2840|1167|71357
2841|1167|1256
804|460|487
2842|1167|1257
2843|1167|425
2844|1167|429
2845|1167|1009
2846|1167|71421
2854|1169|1009
811|465|503
812|459|533
813|463|71190
2855|1169|71139
2856|1169|71421
2857|1169|1256
2858|1169|425
2859|1169|71357
2860|1169|429
2869|1171|71418
821|453|513
822|453|487
823|453|493
824|453|1200
825|453|499
826|453|501
827|453|71189
828|456|501
829|456|534
830|456|487
831|455|1156
832|455|533
833|455|487
2870|1171|71139
2871|1171|71357
2872|1171|71390
842|457|506
843|457|503
844|457|487
851|259|1254
852|473|433
853|474|425
855|476|1256
856|476|425
857|476|1259
858|476|1254
859|477|1254
860|477|425
861|477|726
862|478|425
863|478|1259
864|478|1254
865|479|425
866|479|1259
867|479|726
868|480|425
869|480|1259
870|480|1254
871|480|71139
872|481|425
873|481|1259
874|481|726
876|482|1254
877|482|1255
878|482|1256
879|482|1257
880|482|1259
881|482|726
882|483|488
883|483|1042
884|483|1043
885|483|1080
886|483|1081
887|483|1021
888|484|195
889|484|1255
893|485|1254
894|486|195
895|486|726
896|486|1255
897|475|1254
898|475|726
899|487|157
900|487|726
901|487|1255
902|484|726
903|488|195
904|488|726
905|488|1255
906|489|1254
907|489|726
908|490|1254
1937|891|1257
910|452|1218
911|452|486
912|491|1254
913|492|1254
963|514|1081
964|514|1042
965|514|1067
917|494|440
918|494|1113
966|514|476
920|495|1254
921|496|1254
922|497|1254
923|498|1254
924|494|726
925|494|431
926|499|1256
927|499|1258
928|499|475
929|499|1259
930|500|1256
931|500|433
932|500|1258
933|501|1129
934|501|71139
935|501|1254
936|502|1255
967|515|425
968|515|1256
969|515|1129
940|506|71139
941|506|1254
942|506|1256
943|506|1257
944|506|1258
945|506|1259
946|505|425
947|504|425
948|503|425
949|507|440
950|507|1254
951|507|431
952|508|1256
953|510|71139
954|510|1254
955|510|1256
956|510|1129
957|510|1067
970|517|1055
959|511|433
960|512|1073
961|512|1258
962|512|1254
971|518|1254
972|518|425
973|518|1009
974|518|726
975|513|1256
976|519|1254
1940|894|1257
1943|898|1257
979|522|1258
1947|902|1257
981|524|429
982|525|425
983|526|8450
984|526|475
985|527|425
986|528|1256
988|529|1256
989|529|1259
990|529|1021
991|529|726
993|531|1256
994|531|1257
995|531|429
996|531|14312
997|532|1256
998|532|1257
999|532|1259
1000|532|1037
1001|532|1039
1002|532|183
1003|533|1256
1004|533|1258
1005|533|1259
1006|533|71139
1007|534|1256
1008|534|1258
1009|534|1259
1010|534|71139
1011|535|1256
1012|535|1258
1013|535|1259
1014|535|726
1015|536|1255
1016|536|433
1017|536|146
1018|536|147
1019|536|726
1020|536|183
1021|537|1255
1022|537|433
1023|537|146
1024|537|726
1025|537|183
1026|538|146
1027|538|726
1028|538|1255
1029|539|1256
1030|539|1258
1031|539|1259
1032|539|71139
1033|540|1256
1034|540|1258
1035|540|1259
1036|540|71139
1037|541|1256
1038|541|1258
1039|541|1259
1040|541|726
1041|542|13292
1042|542|13293
1043|542|13294
1044|542|35752
1045|542|71139
1046|543|13296
1047|543|13297
1048|543|13298
1049|543|71139
1050|544|13287
1051|544|13288
1052|544|13289
1053|544|13290
1054|544|726
1055|545|71139
1056|545|1254
1057|545|1256
1058|545|429
1059|545|1009
1060|545|726
1061|546|433
1063|547|1256
1064|547|1257
1065|547|429
1066|547|1009
1067|547|726
1068|548|1255
1069|549|1009
1070|549|1254
1071|521|425
1072|550|1256
1073|550|1257
1074|550|429
1075|550|1009
1076|550|726
1078|552|1071
1079|553|71139
1080|554|425
1081|555|71139
1082|555|1254
1083|555|1257
1084|555|1259
1085|555|1009
1086|555|1042
1087|556|1009
1088|557|1256
1089|557|1258
1090|557|1259
1091|557|726
1092|558|1256
1093|558|1258
1094|558|1259
1095|558|726
1100|560|1256
1101|560|1258
1102|560|1259
1103|560|726
1108|562|1256
1109|562|1258
1110|562|1259
1111|562|726
1112|563|1256
1113|563|1258
1114|563|1259
1115|563|726
1116|564|1256
1117|564|1258
1118|564|1259
1119|564|726
1120|565|1259
1121|565|1084
1122|565|11166
1124|567|1042
1126|567|1084
1127|568|1256
1128|568|1259
1129|568|1021
1130|566|1071
1131|569|71139
1132|570|1254
1133|570|433
1134|570|71139
1135|570|726
1136|571|425
1137|571|426
1138|572|425
1139|572|1142
1140|573|726
1141|573|1255
1142|574|1256
1143|574|1258
1144|574|1259
1145|574|726
1146|575|1256
1147|575|1258
1148|575|1259
1149|575|726
1150|576|1256
1151|576|1258
1152|576|1259
1153|576|726
1154|577|1256
1155|577|1258
1156|577|1259
1157|577|726
1158|578|1037
1159|578|1038
1160|578|1039
1161|578|1142
1162|578|1079
1163|579|1021
1164|580|1037
1165|580|1038
1166|580|1039
1167|580|1142
1168|580|1079
1169|581|1041
1170|581|1039
1171|581|1142
1172|581|183
1173|582|1263
1174|582|1039
1175|582|1142
1176|582|183
1177|583|425
1178|584|71279
1179|585|1256
1180|585|1258
1181|585|1259
1182|585|726
1183|586|1256
1184|586|1258
1185|586|1259
1186|586|726
1187|587|71139
1188|588|425
1189|589|433
1190|589|418
1191|589|1067
1192|589|1142
1193|590|425
1194|590|1067
1195|590|1140
1196|590|437
1197|590|1017
1198|591|1255
1199|591|51501
1200|591|183
1201|592|1259
1202|592|41237
1203|592|726
1204|592|1255
1205|594|10945
1206|594|1255
1207|594|1079
1208|594|183
1209|593|1084
1210|595|10945
1211|595|1259
1212|595|726
1213|595|183
1214|596|433
1215|596|1067
1216|596|1071
1217|597|1259
1218|597|726
1219|597|183
1220|598|1067
1221|598|726
1222|598|13599
1223|599|1071
1224|600|481
1225|600|726
1226|600|1255
1227|601|1057
1228|601|1255
1229|601|1142
1230|601|1039
1231|602|14312
1232|602|1257
1233|603|14312
1234|603|1257
1235|605|1256
1236|605|1258
1237|605|1259
1238|605|726
1239|606|433
1240|607|476
1241|607|1052
1242|607|1055
1243|608|425
1244|609|1067
1245|610|419
1246|611|419
1247|612|1067
1248|612|1028
1249|612|1068
1250|612|1071
1251|614|1067
1252|614|1029
1253|614|1071
1254|615|434
1255|615|1055
1256|616|1259
1257|616|1037
1258|616|1039
1259|617|1041
1260|617|1142
1261|617|1039
1262|618|1259
1263|618|1079
1264|618|726
1265|618|183
1266|619|1256
1267|619|1258
1268|619|1259
1269|619|726
1270|620|1256
1271|620|1258
1272|620|1259
1273|620|726
1274|621|1256
1275|621|1258
1276|621|1259
1277|621|726
1278|622|1258
1279|622|1259
1280|622|726
1281|623|1259
1282|623|726
1283|624|775
1284|625|418
1285|626|1256
1286|626|1257
1287|626|726
1288|627|1256
1289|627|1257
1290|627|726
1292|629|1254
1293|629|1065
1294|629|1258
1295|629|1259
1296|629|431
1297|628|1057
1298|630|1069
1299|630|1029
1300|631|1069
1301|631|1029
1302|632|1071
1303|633|1009
1304|633|71139
1305|633|1254
1306|634|1009
1307|634|71139
1308|634|1254
1309|635|1009
1310|635|71139
1311|635|1254
1312|636|1254
1313|636|1009
1314|636|71139
1315|636|726
1316|637|1009
1317|637|71139
1318|637|1254
1319|638|1009
1320|638|71139
1321|638|1254
1322|639|1009
1324|623|71360
1325|608|71360
1326|619|71357
1327|621|71357
1328|637|71357
1329|635|71357
1330|633|71357
1331|636|71357
1332|638|71357
1333|634|71357
1334|622|71357
1335|620|71357
1336|454|71357
1337|451|71357
1339|463|71357
1340|457|71357
1341|472|71357
1342|455|71357
1343|453|71357
1344|462|71357
1345|461|71357
1346|456|71357
1347|460|71357
1348|452|71357
1349|459|71358
1350|464|71357
1351|643|425
1352|644|1256
1353|644|425
1354|644|726
1355|645|425
1356|646|425
1357|646|1254
1358|647|1254
1359|647|425
1360|647|726
1361|648|1254
1362|648|425
1363|648|726
1364|649|1254
1365|649|425
1366|649|71357
1367|649|726
1368|650|425
1369|650|71357
1371|652|71139
1372|653|1071
1373|654|1071
1374|655|1071
1375|656|1071
1376|657|1071
1377|658|425
1378|659|425
1379|659|433
1380|660|425
1381|660|1084
1382|661|425
1383|662|1266
1384|662|1263
1385|663|1052
1386|664|425
1387|665|433
1388|665|426
1389|665|71139
1390|665|1009
1391|666|71139
1392|666|1254
1393|666|1256
1394|666|1258
1395|666|440
1396|667|71139
1397|667|1254
1398|668|1254
1399|669|425
1400|669|429
1401|669|1039
1402|669|1084
1403|669|71357
1405|671|431
1406|672|1264
1407|672|524
1408|672|28531
1409|672|1067
1410|673|432
1411|673|588
1412|673|429
1413|673|1084
1414|674|432
1415|674|1084
1416|675|1033
1417|675|1034
1418|675|429
1419|675|1039
1420|675|1009
1421|676|1264
1422|676|1067
1423|676|429
1424|677|1264
1425|677|1067
1426|677|429
1427|678|1264
1428|678|1067
1429|678|429
1430|679|1264
1431|679|1067
1432|679|429
1433|680|1264
1434|680|1067
1435|680|429
1436|680|1071
1437|681|1067
1438|681|429
1439|681|1071
1440|682|1067
1441|682|429
1442|682|1071
1443|683|1264
1444|683|429
1445|683|1071
1446|684|1264
1447|684|429
1448|684|1071
1449|685|1071
1450|686|71357
1451|686|1254
1452|688|71357
1453|688|1254
1454|689|1257
1455|689|71357
1456|689|1254
1457|690|71357
1458|690|1254
1459|691|71357
1460|691|1254
1461|692|1009
1462|692|1034
1463|692|1033
1464|687|71357
1465|687|1254
1466|693|1009
1467|693|1034
1468|693|1033
1469|694|1071
1470|695|1071
1471|696|433
1472|696|1067
1473|696|71139
1474|697|1071
1475|698|1071
1476|699|71139
1477|699|1039
1478|700|71360
1479|700|71139
1480|700|1039
1481|701|1256
1482|701|1257
1483|701|1009
1484|701|726
1485|701|71357
1486|701|43134
1487|702|1256
1488|702|1009
1489|702|1259
1490|702|71357
1491|703|1257
1492|703|71357
1493|703|1254
1494|704|1009
1495|704|1257
1496|704|1254
1497|704|71357
1498|705|1009
1499|705|1257
1500|705|1254
1501|705|71357
1502|706|1257
1503|706|71357
1504|706|1254
1505|707|1042
1506|708|71139
1507|708|1102
1508|708|1055
1509|709|433
1510|709|1030
1511|710|433
1512|711|433
1513|711|1030
1514|712|1030
1515|713|425
1516|713|16314
1517|714|16314
1518|715|429
1519|715|1071
1520|716|1009
1521|717|1009
1522|718|425
1523|719|419
1524|719|1028
1525|719|726
1526|720|1192
1527|720|1242
1528|720|1039
1529|721|440
1530|721|1116
1531|721|71359
1532|722|1071
1533|723|1071
1534|724|1071
1535|725|1071
1536|726|1009
1538|727|1258
1539|727|1259
1540|727|1071
1541|727|726
1542|728|1071
1543|729|1009
1544|730|1257
1545|730|1258
1546|730|1259
1547|730|1071
1548|730|726
1549|731|1071
1550|732|1021
1551|733|1257
1552|733|1258
1553|733|1259
1554|733|1071
1555|733|726
1556|734|1021
1557|735|1257
1558|735|1258
1559|735|1259
1560|735|1071
1561|735|726
1562|736|1257
1563|736|1258
1564|736|1259
1565|736|1071
1566|736|726
1567|737|1071
1568|738|425
1569|739|425
1570|739|1042
1571|739|1043
1572|739|1046
1573|739|726
1574|739|1049
1575|739|476
1576|739|1021
1577|740|433
1578|740|1028
1579|740|726
1580|741|425
1581|742|1071
1582|743|425
1583|744|425
1584|745|1258
1585|745|1067
1586|745|1068
1587|745|1071
1588|745|433
1589|745|1073
1590|745|726
1591|746|1258
1592|746|1067
1593|746|1068
1594|746|1071
1595|746|433
1596|746|1073
1597|746|726
1598|747|1258
1599|747|1067
1600|747|1068
1601|747|1071
1602|747|433
1603|747|1073
1604|747|726
1605|748|1254
1606|748|1258
1607|748|431
1608|748|1009
1609|748|726
1610|749|1254
1611|749|1258
1612|749|431
1613|749|1009
1614|749|726
1615|750|1254
1616|750|1258
1617|750|431
1618|750|1009
1619|750|726
1620|751|1071
1621|752|1071
1622|753|1071
1623|754|31531
1624|755|71360
1625|755|71276
1626|756|120
1627|756|1042
1628|756|71358
1629|756|1071
1630|757|433
1631|757|1028
1632|758|1257
1633|758|425
1634|758|1067
1635|758|1258
1636|758|726
1637|758|1016
1638|758|1242
1639|759|433
1640|759|1028
1641|760|1028
1642|760|1257
1643|760|1258
1644|760|1067
1645|760|1071
1646|760|433
1647|760|726
1648|760|1242
1649|760|476
1650|761|433
1651|761|1028
1652|762|1257
1653|762|431
1654|763|1257
1655|763|431
1656|764|1257
1657|764|431
1658|765|433
1659|765|1084
1660|766|1257
1661|766|431
1662|767|1084
1663|768|425
1664|769|1084
1665|770|71360
1666|771|71360
1667|772|71360
1668|773|71358
1669|774|71360
1670|775|71360
1671|776|1116
1672|777|1071
1673|778|1071
1674|779|1071
1675|780|1071
1676|781|1071
1677|782|1071
1678|783|1071
1679|784|1071
1685|786|71357
1686|787|71357
1687|788|433
1688|788|476
1689|788|1084
1690|788|1021
1693|790|425
1694|790|71357
1695|791|1071
1696|792|425
1697|792|1258
1698|792|429
1699|792|1039
1700|792|19061
1701|793|1254
1702|794|1254
1704|796|1254
1705|797|1021
1706|798|1254
1707|799|1254
1708|800|1254
1709|801|1254
1710|802|418
1711|802|71139
1712|802|1067
1713|802|429
1714|802|1009
1715|802|438
1716|803|71357
1717|804|71357
1718|804|1254
1719|805|71357
1720|805|1254
1721|806|71357
1722|806|1254
1723|807|71357
1724|807|1254
1725|808|71357
1726|808|1254
1727|809|1160
1728|809|1039
1729|809|1071
1730|809|1073
1731|809|1075
1732|809|120
1733|810|1029
1734|810|1257
1735|810|491
1736|810|1009
1737|810|433
1738|810|438
1739|810|726
1740|810|1181
1741|811|726
1742|812|1254
1743|812|425
1744|812|1258
1745|812|726
1746|813|425
1747|813|1259
1748|813|429
1749|813|1254
1750|814|71139
1751|814|1254
1752|814|425
1753|814|434
1754|814|1043
1755|814|1042
1756|814|1046
1757|814|1049
1758|814|1021
1759|815|71360
1760|815|425
1761|815|71357
1762|815|726
1763|816|71139
1764|816|1254
1765|816|434
1766|816|1043
1767|816|1042
1768|816|1046
1769|816|1021
1770|817|1025
1771|817|1254
1772|817|1042
1773|817|726
1774|817|1021
1775|818|1042
1776|818|1076
1777|819|71360
1778|819|425
1779|819|71139
1780|819|71357
1781|820|1256
1782|821|1256
1783|822|433
1784|822|1258
1785|822|726
1786|822|1030
1787|823|71360
1788|823|1071
1789|823|1042
1790|823|726
1791|823|120
1792|823|1052
1793|823|71357
1794|824|1256
1795|825|1256
1796|826|1256
1797|827|1256
1798|828|1256
1799|829|1256
1800|830|1256
1801|831|1264
1802|831|1067
1803|831|726
1804|831|1071
1805|832|1256
1806|832|1257
1807|832|1258
1808|832|726
1809|832|120
1810|833|1256
1811|833|1257
1812|833|1258
1813|833|726
1814|833|120
1815|834|1256
1816|834|1257
1817|834|1258
1818|834|726
1819|834|120
1820|835|1256
1821|835|1147
1822|835|726
1823|835|438
1824|836|1028
1825|836|1256
1826|836|1257
1827|836|433
1828|836|726
1829|837|1256
1830|837|425
1831|837|1259
1832|837|429
1833|837|1016
1834|838|1256
1835|838|425
1836|838|1259
1837|838|429
1838|838|1016
1839|839|1256
1840|840|1029
1841|840|1143
1842|841|433
1843|841|510
1844|841|1030
1845|842|433
1846|842|510
1847|842|1030
1848|843|1254
1849|843|1257
1850|843|1258
1851|843|1259
1852|843|726
1853|843|1084
1854|844|1073
1855|844|1258
1856|844|1003
1857|844|1071
1858|845|425
1859|845|726
1860|846|71357
1861|846|1254
1862|847|433
1863|847|1254
1864|849|1071
1865|850|1067
1866|850|726
1867|851|1067
1868|852|1067
1869|852|726
1870|853|71139
1871|853|1254
1872|854|1067
1873|854|726
1874|855|1254
1875|857|71139
1876|857|1254
1877|858|432
1878|859|1257
1879|859|1254
1880|860|1257
1881|860|1254
1882|861|1071
1938|892|1257
1884|864|726
1885|865|726
1886|867|726
1887|868|726
1888|869|726
1889|870|1254
1890|870|1256
1891|870|425
1892|870|1259
1893|870|120
1894|870|1016
1895|871|1032
1896|871|433
1897|871|726
1898|871|510
1899|872|433
1900|872|1030
1901|872|726
1902|872|1032
1903|872|510
1904|873|433
1905|873|1030
1906|873|726
1907|873|1032
1908|873|510
1909|874|1257
1910|874|1254
1911|874|431
1912|875|1254
1913|875|1073
1914|875|510
1915|875|1071
1941|895|1257
1944|899|1257
1918|877|71360
1919|877|71357
1920|878|71357
1921|878|1071
1948|903|1257
1923|880|425
1924|880|2331
1925|880|2329
1950|905|71357
1927|882|71139
1928|883|71139
1929|884|71139
1930|885|1069
1931|885|1030
1932|885|1071
1933|886|1257
1951|905|1254
1954|909|71357
1955|909|1254
1958|911|71357
1959|911|1254
1964|912|71359
1965|913|1257
1966|914|1257
1967|915|1257
1968|916|1257
1969|917|1257
1970|918|1257
1971|919|1257
1972|920|1257
1973|921|1257
1974|924|1257
1975|925|1257
1976|926|71359
1977|926|1042
1978|926|71139
1979|926|120
1980|926|71357
1981|926|71358
1982|926|1071
1983|928|1257
1984|930|1257
1985|931|1257
1986|932|1257
1987|933|1257
1988|934|1257
1989|935|1257
1990|936|1257
1991|937|1257
1992|938|1257
1993|939|1257
1994|940|1257
1995|941|1257
1996|942|1254
1997|943|1257
1998|944|71360
1999|944|1017
2000|944|71139
2001|944|71357
2002|945|1257
2003|946|1254
2004|946|1257
2005|946|71374
2006|947|1254
2007|947|1257
2008|947|71374
2009|948|1254
2010|948|1257
2011|948|71374
2012|950|1254
2013|950|1257
2014|950|71374
2015|951|1254
2016|951|1257
2017|951|71374
2018|952|71139
2019|952|429
2020|952|438
2021|952|71359
2027|954|71360
2028|954|71139
2029|954|1017
2030|954|71357
2031|954|1071
2037|956|71360
2038|956|1009
2039|956|71139
2040|956|1129
2041|956|71357
2042|956|1071
2043|957|1009
2044|957|1060
2045|957|71358
2046|957|1071
2061|962|1009
2062|962|71139
2063|962|5226
2064|962|71357
2065|962|71358
2066|962|1071
2067|963|1257
2068|964|1257
2069|965|1026
2070|965|71139
2071|965|71358
2072|966|1055
2075|969|1067
2076|970|433
2077|970|71139
2078|970|1071
2079|971|433
2080|971|71139
2081|971|1071
2082|972|433
2083|972|71139
2084|972|1071
2088|974|1258
2089|974|476
2090|974|726
2091|975|432
2092|975|726
2093|975|4253
2094|975|426
2095|975|1085
2096|976|433
2097|976|71139
2098|976|1071
2099|977|433
2100|977|71139
2101|977|1071
2102|978|433
2103|978|71139
2104|978|1071
2105|979|433
2106|979|71139
2107|979|1071
2108|980|1055
2109|981|71360
2110|981|71139
2111|981|71357
2112|982|71360
2113|982|71139
2114|982|71357
2115|983|1017
2116|983|425
2117|983|726
2118|984|71360
2119|984|1017
2120|984|425
2121|984|726
2122|985|71360
2123|985|1017
2124|985|425
2125|985|726
2126|986|71360
2127|986|1017
2128|986|425
2129|986|726
2130|987|71360
2131|987|1017
2132|987|425
2133|987|726
2134|988|1257
2135|988|71374
2136|989|1257
2137|989|1009
2138|989|71374
2139|989|71357
2140|990|1257
2141|990|1009
2142|990|71374
2143|990|71357
2144|991|1257
2145|991|1009
2146|991|71374
2147|991|71357
2148|992|1257
2149|992|1009
2150|992|71374
2151|992|71357
2152|993|1257
2153|993|1009
2154|993|71374
2155|993|71357
2156|994|1264
2157|994|1073
2158|994|426
2159|994|1067
2160|994|588
2161|995|1264
2162|995|426
2163|995|1067
2164|995|429
2165|996|1264
2166|996|432
2167|996|426
2168|996|1067
2169|996|429
2170|997|1264
2171|997|1073
2172|997|432
2173|997|426
2174|997|1067
2175|997|429
2176|998|1264
2177|998|1073
2178|998|426
2179|998|1067
2180|998|429
2181|999|71360
2182|1000|1017
2183|1000|425
2184|1000|726
2185|1001|1067
2186|1001|588
2187|1001|1142
2188|1001|1071
2189|1002|71360
2190|1002|71139
2191|1002|1079
2192|1002|71386
2193|1002|429
2194|1002|69038
2195|1003|71360
2196|1003|71139
2197|1003|1079
2198|1003|71386
2199|1003|429
2200|1003|69038
2201|1004|71360
2202|1004|71139
2203|1004|1079
2204|1004|429
2205|1004|69038
2206|1005|726
2207|1005|440
2208|1005|1257
2209|1005|1258
2210|1005|71359
2211|1006|71139
2212|1006|726
2213|1006|1257
2214|1006|1258
2215|1006|71359
2216|1007|433
2217|1007|1028
2218|1007|1142
2219|1008|71139
2220|1008|1142
2221|1008|1071
2222|1009|1257
2223|1009|71139
2224|1009|71374
2230|1011|1264
2231|1011|1067
2232|1011|432
2233|1012|1264
2234|1012|432
2235|1013|1264
2236|1013|1067
2237|1013|54
2238|1014|71357
2239|1014|824
2240|1014|71386
2241|1014|429
2242|1014|1039
2243|1015|71139
2244|1015|71357
2245|1015|425
2246|1015|51501
2247|1015|71390
2248|1016|1257
2249|1016|71139
2250|1016|71374
2251|1017|1257
2252|1017|71139
2253|1017|1009
2254|1017|71374
2255|1018|1257
2256|1018|71139
2257|1018|1009
2258|1018|71374
2259|1019|1257
2260|1019|71139
2261|1019|1009
2262|1019|71374
2263|1020|1257
2264|1020|71139
2265|1020|1009
2266|1020|71374
2267|1021|1257
2268|1021|71139
2269|1021|1009
2270|1021|71374
2271|1022|1257
2272|1022|71139
2273|1022|1009
2274|1022|71374
2275|1023|425
2276|1023|1039
2277|1024|425
2278|1024|1039
2279|1025|425
2280|1025|1039
2281|1026|425
2282|1026|433
2283|1026|1067
2284|1026|71357
2285|1027|1017
2286|1027|71139
2287|1027|71357
2288|1028|1264
2289|1028|109
2290|1028|432
2291|1028|429
2292|1029|1009
2293|1029|71139
2294|1029|71357
2295|1029|71358
2296|1029|1071
2297|1030|434
2298|1030|1042
2299|1030|1268
2300|1030|1079
2301|1030|71358
2302|1030|69038
2303|1030|1071
2304|1031|1264
2305|1031|1067
2306|1031|1068
2307|1031|432
2308|1032|434
2309|1032|1042
2310|1032|1268
2311|1032|1079
2312|1032|71358
2313|1032|69038
2314|1032|1071
2315|1034|726
2316|1033|71388
2317|1033|726
2318|1035|425
2319|1035|726
2320|1036|425
2321|1036|726
2322|1037|425
2323|1037|726
2324|1038|425
2325|1038|726
2326|1039|425
2327|1039|726
2328|1040|425
2329|1040|726
2330|1041|425
2331|1041|726
2332|1042|425
2333|1042|726
2334|1043|425
2335|1043|726
2336|1044|425
2337|1044|726
2338|472|726
2339|1045|1257
2340|1045|1009
2341|1045|726
2342|1045|71374
2343|1046|1067
2348|1048|71360
2349|1048|1057
2350|1048|1042
2351|1048|71357
2352|1048|71358
2353|1048|1055
2354|1049|1067
2355|1049|429
2356|1050|71360
2357|1050|71120
2358|1050|1079
2359|1050|71357
2360|1050|429
2361|1050|1071
2362|1051|1071
2363|1052|1071
2364|1053|1257
2365|1053|1009
2366|1053|71374
2367|1053|71357
2368|1054|1079
2369|1055|71390
2370|1055|1079
2371|1056|1067
2372|1056|1071
2373|1057|1067
2374|1058|1257
2375|1058|71139
2376|1058|1009
2377|1058|71359
2378|1059|1067
2379|1059|1071
2380|1060|1067
2381|1060|1071
2382|1061|1257
2383|1061|1009
2384|1061|71357
2386|1063|71139
2387|1063|1254
2388|1064|71139
2389|1064|1254
2390|1065|71139
2391|1065|1254
2392|1066|71139
2393|1066|1254
2394|1067|71139
2395|1067|1254
2396|1068|71139
2397|1068|1254
2398|1069|71139
2399|1069|1254
2400|1070|71139
2401|1070|1108
2402|1070|1109
2403|1071|1067
2404|1071|1254
2405|1071|1071
2406|1072|1009
2407|1072|71139
2408|1072|425
2409|1072|71357
2410|1072|1071
2411|1073|425
2412|1073|1009
2413|1073|71139
2414|1073|71357
2415|1074|1009
2416|1074|1256
2417|1074|1257
2418|1074|425
2419|1074|71357
2420|1075|1009
2421|1075|71139
2422|1075|1256
2423|1075|1257
2424|1075|425
2425|1075|71357
2426|1075|71374
2427|1076|1009
2428|1076|71139
2429|1076|1256
2430|1076|1257
2431|1076|425
2432|1076|71357
2433|1076|71374
2434|1077|1009
2435|1077|71139
2436|1077|1256
2437|1077|1257
2438|1077|425
2439|1077|71357
2440|1077|71374
2441|1078|1009
2442|1078|71139
2443|1078|1256
2444|1078|1257
2445|1078|425
2446|1078|71357
2447|1078|71374
2448|1079|1009
2449|1079|1256
2450|1079|1257
2451|1079|425
2452|1079|71357
2453|1079|71374
2454|1080|1060
2455|1080|71358
2456|1080|431
2457|1081|1256
2458|1081|71139
2459|1082|1256
2460|1082|71139
2461|1083|1256
2462|1083|726
2463|1084|1256
2464|1084|71139
2465|1085|1071
2466|1086|1071
2467|1087|48
2468|1087|1264
2469|1088|434
2470|1089|71139
2471|1089|1256
2472|1089|1257
2473|1089|425
2474|1089|429
2475|1089|71374
2476|1089|1009
2477|1089|726
2478|1089|71357
2479|1090|71139
2480|1090|1256
2481|1090|1257
2482|1090|425
2483|1090|429
2484|1090|71374
2485|1090|1009
2486|1090|71357
2487|1091|71139
2488|1091|1256
2489|1091|1257
2490|1091|425
2491|1091|429
2492|1091|71374
2493|1091|1009
2494|1091|71357
2495|1092|1009
2496|1092|71139
2497|1092|71357
2498|1092|1257
2499|1092|429
2500|1092|71374
2501|1093|1009
2502|1093|71139
2503|1093|71357
2504|1093|1256
2505|1093|1257
2506|1093|429
2507|1093|71374
2508|1094|1009
2509|1094|71139
2510|1094|71357
2511|1094|1256
2512|1094|425
2513|1094|429
2514|1094|71374
2515|1095|71359
2516|1095|1021
2517|1095|726
2518|1095|431
2519|1096|1071
2520|1097|1254
2521|1088|71405
2522|1086|71405
2523|1096|71405
2524|1098|593
2525|1098|1042
2526|1098|429
2527|1098|69038
2528|1099|71384
2529|1099|1083
2530|1099|717
2531|1099|69038
2532|1100|71360
2533|1100|425
2534|1101|71360
2535|1101|425
2536|1102|1009
2537|1102|1257
2538|1102|425
2539|1102|71357
2540|1102|71374
2541|1103|1073
2542|1103|1254
2543|1103|1071
2544|1104|1256
2545|1104|1257
2546|1104|425
2547|1104|71357
2548|1104|71374
2549|1105|1009
2550|1105|71139
2551|1105|726
2552|1105|1257
2553|1105|425
2554|1105|71357
2555|1105|71374
2556|1106|71139
2557|1106|1256
2558|1106|1257
2559|1106|425
2560|1106|429
2561|1106|71374
2562|1106|1009
2563|1106|726
2564|1106|71357
2565|1107|71139
2566|1107|1256
2567|1107|1257
2568|1107|425
2569|1107|71374
2570|1107|1009
2571|1107|726
2572|1107|71357
2573|1108|71139
2574|1108|1256
2575|1108|1257
2576|1108|425
2577|1108|71374
2578|1108|1009
2579|1108|726
2580|1108|71357
2581|1109|71139
2582|1109|1256
2583|1109|1257
2584|1109|425
2585|1109|71374
2586|1109|1009
2587|1109|726
2588|1109|71357
2589|1110|71139
2590|1110|24199
2591|1110|425
2592|1110|426
2593|1110|429
2594|1110|1009
2595|1110|726
2596|1110|71357
2597|1110|191
2598|1111|1009
2599|1111|71139
2600|1111|726
2601|1111|24199
2602|1111|425
2603|1111|426
2604|1111|71357
2605|1112|71357
2606|1112|71139
2607|1112|726
2608|1112|24199
2609|1112|425
2610|1112|426
2611|1112|429
2612|1113|71139
2613|1113|71357
2614|1113|1113
2615|1113|29292
2616|1113|429
2617|1113|71359
2618|1114|71360
2619|1114|71386
2620|1114|71139
2621|1115|71357
2622|1115|71139
2623|1115|429
2624|1115|1071
2625|1116|71139
2626|1116|1256
2627|1116|1257
2628|1116|425
2629|1116|71374
2630|1116|1009
2631|1116|726
2632|1116|71357
2633|1117|71360
2634|1117|71386
2635|1117|71139
2636|1118|71360
2637|1118|71139
2638|1118|71386
2639|1118|71357
2640|1118|71390
2641|1119|71360
2642|1119|71139
2643|1119|71357
2644|1120|1042
2645|1120|71139
2646|1120|429
2647|1120|71358
2648|1121|71392
2649|1121|71139
2650|1121|71391
2651|1122|71392
2652|1122|429
2653|1122|726
2654|1123|71392
2655|1123|429
2656|1123|726
2657|1124|71392
2658|1124|429
2659|1124|726
2660|1125|71392
2661|1125|429
2662|1125|726
2663|1126|71392
2664|1126|429
2665|1126|726
2666|1127|71392
2667|1127|429
2668|1127|726
2669|1128|71139
2670|1128|71357
2671|1128|478
2672|1128|71390
2673|1129|481
2674|1129|425
2675|1129|726
2676|1129|1071
2677|1130|481
2678|1130|425
2679|1130|71390
2680|1130|726
2681|1131|1071
2682|1132|816
2683|1132|71442
2684|1132|726
2685|1132|71357
2686|1132|69038
2687|1132|71359
2688|1133|71384
2689|1133|1042
2690|1133|71357
2691|1133|1071
2692|1134|71442
2693|1134|1055
2694|1135|71357
2695|1135|71139
2696|1135|429
2697|1135|1071
2698|1136|71357
2699|1136|71139
2700|1136|429
2701|1136|1071
2702|1137|71357
2703|1137|71139
2704|1137|429
2705|1137|1071
2706|1138|71139
2707|1138|429
2708|1138|1071
2709|1139|71359
2710|1139|71139
2711|1139|71357
2712|1139|71499
2713|1139|429
2714|1139|174
2715|1139|1071
2716|1140|71359
2717|1140|71139
2718|1140|71357
2719|1140|71499
2720|1140|429
2721|1140|174
2722|1140|1071
2723|1141|71359
2724|1141|71139
2725|1141|71357
2726|1141|71499
2727|1141|429
2728|1141|174
2729|1141|1071
2730|1142|71139
2731|1142|71390
2732|1142|71357
2733|1142|71499
2734|1142|429
2735|1142|174
2736|1142|71359
2737|1143|71139
2738|1143|1256
2739|1143|1257
2740|1143|425
2741|1143|429
2742|1143|71374
2743|1143|1009
2744|1143|71357
2745|1143|71423
2746|1144|1009
2747|1144|71421
2748|1144|726
2749|1144|1256
2750|1144|1257
2751|1144|429
2752|1144|71374
2753|1145|71139
2754|1146|71139
2755|1147|71360
2756|1147|1071
2757|1148|71139
2758|1148|71357
2759|1148|1256
2760|1148|1257
2761|1148|429
2762|1148|71374
2763|1148|1009
2764|1148|71421
2765|1149|71139
2766|1149|1256
2767|1149|1257
2768|1149|429
2769|1149|71374
2770|1149|1009
2771|1149|71357
2772|1149|71423
2773|1150|1042
2774|1150|71139
2775|1150|71467
2776|1150|71357
2777|1150|71358
2778|1151|71386
2779|1151|71390
2780|1152|71456
2781|1153|1077
2782|1153|425
2783|1153|1037
2784|1153|1038
2785|1153|429
2786|1154|596
2787|1154|1030
2788|1154|726
2789|1154|488
2790|1154|71386
2791|1154|13599
2792|1155|433
2793|1155|1258
2794|1155|726
2795|1155|1071
2796|1156|71386
2797|1156|1258
2798|1156|726
2799|1157|1042
2800|1157|71139
2801|1157|71390
2802|1157|71384
2803|1157|475
2804|1157|71357
2805|1157|69038
2806|1158|1042
2810|1160|71276
2811|1160|71357
2812|1160|1071
2815|1162|1067
2816|1162|1071
2818|1164|1077
2819|1164|425
2820|1164|1037
2821|1164|1038
2822|1164|429
2831|1166|71139
2832|1166|1256
2833|1166|1257
2834|1166|425
2835|1166|429
2836|1166|1009
2837|1166|71357
2838|1166|71423
2847|1168|1009
2848|1168|71139
2849|1168|71421
2850|1168|1256
2851|1168|1257
2852|1168|425
2853|1168|429
2861|1170|71139
2862|1170|71357
2863|1170|1256
2864|1170|1257
2865|1170|425
2866|1170|429
2867|1170|1009
2868|1170|71421
2873|1172|71139
2874|1172|71357
2875|1172|1071
2876|1173|71386
2877|1173|71139
2878|1173|71357
2879|1173|71359
2880|1174|1254
2881|1174|1255
2882|1174|1256
2883|1174|1257
2884|1174|1258
2885|1174|425
2886|1174|726
2887|1175|71360
2888|1175|71139
2889|1175|71386
2890|1175|71357
2891|1175|71438
2892|1176|71360
2893|1176|71357
2894|1177|71357
2895|1177|71359
2896|1177|429
2897|1177|1071
2898|1178|1073
2899|1178|71410
2900|1178|71139
2901|1178|429
2902|1178|1071
2903|1179|71410
2904|1179|71139
2905|1179|429
2906|1179|1071
2907|1180|71410
2908|1180|71139
2909|1180|425
2910|1180|429
2911|1180|1071
2912|1181|71410
2913|1181|71139
2914|1181|425
2915|1181|429
2916|1181|1071
2917|1182|71410
2918|1182|71139
2919|1182|425
2920|1182|429
2921|1182|1071
2922|1183|71410
2923|1183|71139
2924|1183|429
2925|1183|1071
2926|1184|71410
2927|1184|71139
2928|1184|425
2929|1184|429
2930|1184|1071
2931|1185|71410
2932|1185|71139
2933|1185|425
2934|1185|429
2935|1185|1071
2936|1186|71410
2937|1186|71139
2938|1186|425
2939|1186|429
2940|1186|1071
2941|1187|71401
2942|1187|726
2943|1187|1257
2944|1187|425
2945|1187|71357
2946|1187|71423
2947|1188|1016
2948|1188|153
2949|1188|429
2950|1189|1009
2951|1189|71421
2952|1189|1256
2953|1189|1257
2954|1189|425
2955|1189|71357
2956|1190|1009
2957|1190|71421
2958|1190|726
2959|1190|1256
2960|1190|425
2961|1190|71357
2962|1191|1009
2963|1191|71139
2964|1191|1256
2965|1191|1257
2966|1191|425
2967|1191|71357
2968|1191|71423
2969|1192|1009
2970|1192|71139
2971|1192|1256
2972|1192|1257
2973|1192|425
2974|1192|71357
2975|1192|71423
2976|1193|1009
2977|1193|71139
2978|1193|71421
2979|1193|1256
2980|1193|1257
2981|1193|425
2982|1193|71357
2983|1194|1009
2984|1194|71139
2985|1194|71421
2986|1194|1256
2987|1194|1257
2988|1194|425
2989|1194|71357
2990|1195|1009
2991|1195|71139
2992|1195|71421
2993|1195|1256
2994|1195|1257
2995|1195|71357
2996|1196|1009
2997|1196|71139
2998|1196|71421
2999|1196|1256
3000|1196|1257
3001|1196|71357
3002|1197|71359
3003|1198|71473
3004|1198|71359
3005|1198|71139
3006|1198|71357
3007|1198|71387
3008|1198|429
3009|1198|1071
3010|1199|71359
3011|1201|425
3012|1201|1141
3013|1201|438
3014|1201|71390
3015|1202|71139
3016|1062|71374
3017|1062|726
3038|735|1254
3039|847|726
3040|1213|71459
3041|1213|1030
3042|1213|1255
3043|1213|425
3044|1213|429
3045|1213|1039
3046|1213|183
3047|1213|71357
3048|1214|71360
3049|1214|726
3050|1214|71384
3051|1214|71386
3052|1214|429
3053|1215|1009
3054|1215|726
3055|1215|71357
3056|1215|425
3057|1215|429
3058|1215|127
3059|1216|71357
3060|1216|1009
3061|1216|726
3062|1216|24199
3063|1216|425
3064|1216|429
3065|1217|1071
3066|1218|1009
3067|1218|71139
3068|1218|1256
3069|1218|1257
3070|1218|425
3071|1218|71357
3072|1218|71423
3073|1219|1009
3074|1219|71139
3075|1219|1256
3076|1219|1257
3077|1219|425
3078|1219|71357
3079|1219|71423
3080|1220|1009
3081|1220|71139
3082|1220|71421
3083|1220|1256
3084|1220|1257
3085|1220|425
3086|1220|71357
3087|1221|1009
3088|1221|71139
3089|1221|71421
3090|1221|1256
3091|1221|1257
3092|1221|425
3093|1221|71357
3094|1222|71139
3095|1222|71357
3096|1222|1256
3097|1222|1257
3098|1222|425
3099|1222|1039
3100|1222|1009
3101|1222|71421
3102|1223|71139
3103|1223|71357
3104|1223|1256
3105|1223|1257
3106|1223|425
3107|1223|1039
3108|1223|1009
3109|1223|71421
3110|1224|431
3111|1225|71359
3112|1225|71139
3113|1225|440
3114|1225|174
3115|1225|1039
3116|1226|55361
3117|1226|69038
3118|1226|1071
3119|1226|1266
3120|1226|726
3121|1226|1142
3122|1226|824
3123|1226|1242
3124|1227|1192
3125|1227|433
3126|1227|1266
3127|1227|57208
3128|1227|726
3129|1227|824
3130|1227|1242
3131|1227|71390
3132|1228|433
3133|1228|1266
3134|1228|726
3135|1228|39574
3136|1228|824
3137|1228|1242
3138|1228|71390
3139|1229|1266
3140|1229|13599
3141|1229|726
3142|1229|39574
3143|1229|824
3144|1229|1242
3145|1229|1071
3146|1230|55361
3147|1230|1266
3148|1230|39574
3149|1230|726
3150|1230|824
3151|1230|1242
3152|1230|71390
3153|1231|1071
3154|1231|1169
3155|1231|1266
3156|1231|726
3157|1231|39574
3158|1231|824
3159|1231|1242
3160|1231|13599
3161|1232|71139
3162|1232|71357
3163|1232|1071
3164|1233|1071
3165|1236|1071
3166|1237|1071
3167|1235|71357
3168|1235|1071
3169|1234|71357
3170|1234|1071
3171|1238|425
3172|1238|71460
3173|1238|71357
3174|1239|1009
3175|1239|146
3176|1239|726
3177|1239|71384
3178|1239|429
3179|1239|1071
3180|1240|71276
3181|1240|42676
3182|1240|71357
3183|1240|71390
3184|1241|71360
3185|1242|1073
3186|1242|146
3187|1242|1075
3188|1242|726
3189|1242|1258
3190|1242|429
3191|1242|1071
3192|712|1257
3193|1243|71421
3194|1243|726
3195|1243|1256
3196|1243|1257
3197|1243|425
3198|1243|71357
3199|1243|429
3200|1244|71421
3201|1244|726
3202|1244|1256
3203|1244|1257
3204|1244|425
3205|1244|71357
3206|1244|429
3207|1245|1009
3208|1245|726
3209|1245|1256
3210|1245|1257
3211|1245|71357
3212|1245|71423
3213|1246|71456
3214|1247|1009
3215|1247|71139
3216|1247|71421
3217|1247|1256
3218|1247|1257
3219|1247|71357
3220|1248|1009
3221|1248|71139
3222|1248|71421
3223|1248|1256
3224|1248|1257
3225|1248|425
3226|1248|71357
3227|1249|1009
3228|1249|71139
3229|1249|71421
3230|1249|1256
3231|1249|1257
3232|1249|425
3233|1249|71357
3234|1250|71360
3235|1250|56690
3236|1250|71139
3237|1250|71386
3238|1250|71357
3239|1251|71360
3240|1251|71139
3241|1251|71357
3242|1251|71390
3243|1252|1009
3244|1252|71139
3245|1252|71421
3246|1252|1256
3247|1252|1257
3248|1252|425
3249|1252|71357
3250|1253|1009
3251|1253|71139
3252|1253|71421
3253|1253|1256
3254|1253|1257
3255|1253|425
3256|1253|71357
3257|1254|1009
3258|1254|71139
3259|1254|1256
3260|1254|1257
3261|1254|425
3262|1254|71357
3263|1254|71423
3264|1255|1009
3265|1255|71139
3266|1255|1256
3267|1255|1257
3268|1255|425
3269|1255|71357
3270|1255|71423
3271|1256|71139
3272|1256|71421
3273|1256|1256
3274|1256|1257
3275|1256|425
3276|1256|71357
3277|1256|1039
3278|1257|71139
3279|1257|71357
3280|1257|1256
3281|1257|1257
3282|1257|425
3283|1257|1039
3284|1257|1009
3285|1257|71421
3286|1258|1009
3287|1258|71139
3288|1258|71421
3289|1258|1256
3290|1258|1257
3291|1258|71357
3292|1258|1039
3293|1259|71139
3294|1259|71357
3295|1259|1256
3296|1259|1257
3297|1259|425
3298|1259|1039
3299|1259|1009
3300|1259|71421
3301|1260|71384
3302|1260|71400
3303|1261|1242
3304|1261|478
3305|1261|726
3306|1261|1255
3307|1262|71357
3308|1262|1071
3309|1263|71357
3310|1264|189
3311|1264|726
3312|1264|71463
3313|1264|71384
3314|1264|1017
3315|1264|429
3316|1264|1071
3317|1265|1071
3350|1298|425
3351|1298|71460
3352|1298|1071
3353|1299|71465
3354|1299|71357
3355|1299|726
3356|1299|7678
3369|1302|433
3370|1302|1266
3371|1302|71386
3372|1302|71357
3373|1302|71390
3374|1304|71386
3375|1304|71390
3376|1305|1266
3377|1305|71139
3378|1305|71386
3379|1305|71357
3380|1305|71390
3381|1306|1266
3382|1306|71139
3383|1306|71386
3384|1306|71357
3385|1306|71390
3386|1307|71359
3387|1307|71476
3388|1307|726
3389|1307|71499
3390|1307|71390
3391|1307|1039
3392|1308|194
3393|1308|146
3394|1308|726
3395|1308|1032
3396|1308|123
3397|1308|71390
3398|1309|71139
3399|1309|71357
3400|1309|1256
3401|1309|1257
3402|1309|425
3403|1309|1037
3404|1309|71374
3405|1309|71421
3406|1310|71472
3407|1310|71474
3408|1310|726
3409|1310|174
3410|1310|1103
3411|1311|71139
3412|1311|71421
3413|1311|1256
3414|1311|1257
3415|1311|425
3416|1311|71357
3417|1311|71374
3423|1313|71139
3424|1313|1256
3425|1313|1257
3426|1313|425
3427|1313|71374
3428|1313|1009
3429|1313|71357
3430|1313|71423
3431|1314|71139
3432|1314|71421
3433|1314|1256
3434|1314|1257
3435|1314|425
3436|1314|71357
3437|1314|71374
3438|1315|71360
3439|1315|71139
3440|1315|71386
3441|1315|426
3442|1315|71357
3443|1315|429
3444|1316|71360
3445|1316|71139
3446|1316|426
3447|1316|71357
3448|1316|71390
3449|1316|71391
3450|1317|71360
3451|1317|71139
3452|1317|71357
3453|1317|426
3454|1317|429
3455|1317|1071
3456|1318|1057
3457|1319|71360
3458|1319|71139
3459|1319|426
3460|1319|71357
3461|1319|71390
3462|1319|71391
3463|1320|426
3464|1320|71139
3465|1321|71360
3466|1321|71391
3467|1321|71139
3468|1321|426
3469|1321|71357
3470|1321|1071
3471|1322|71360
3472|1322|71139
3473|1322|71357
3474|1322|429
3475|1322|1071
3476|1323|71473
3477|1323|726
3478|1323|4253
3479|1323|71465
3480|1323|1085
3481|1324|71473
3482|1324|726
3483|1324|4253
3484|1324|71465
3485|1324|1085
3486|1325|71360
3487|1325|71458
3488|1325|71139
3489|1325|71357
3490|1325|1071
3491|1326|71360
3492|1326|71357
3493|1326|429
3494|1326|1071
3495|1327|71360
3496|1327|71357
3497|1327|429
3498|1327|71358
3499|1327|1071
3500|1328|1059
3501|1329|71357
3502|1329|1071
3503|1330|71465
3504|1330|726
3505|1331|71409
3506|1331|18962
3507|1331|42676
3508|1331|71276
3509|1331|71357
3510|1331|71390
3511|1332|71444
3512|1332|1016
3513|1332|425
3514|1332|1039
3515|1332|71357
3516|1332|1071
3517|1333|71360
3518|1333|1042
3519|1333|71139
3520|1333|71455
3521|1333|71357
3522|1333|429
3523|1333|1071
3524|1335|71139
3525|1335|71357
3526|1335|1256
3527|1335|1257
3528|1335|425
3529|1335|1039
3530|1335|1009
3531|1335|71421
3532|1336|71139
3533|1336|71357
3534|1336|1256
3535|1336|1257
3536|1336|425
3537|1336|1039
3538|1336|1009
3539|1336|71421
3540|1337|1009
3541|1337|71139
3542|1337|1256
3543|1337|1257
3544|1337|425
3545|1337|71421
3546|1337|1039
3547|1338|71139
3548|1338|71357
3549|1338|1256
3550|1338|1257
3551|1338|425
3552|1338|1039
3553|1338|1009
3554|1338|71421
3555|1339|1009
3556|1339|71139
3557|1339|71421
3558|1339|1256
3559|1339|1257
3560|1339|71357
3561|1339|1039
3562|1340|71139
3563|1340|71357
3564|1340|1256
3565|1340|1257
3566|1340|425
3567|1340|1039
3568|1340|1009
3569|1340|71421
3570|1341|726
3571|1341|189
3572|1341|71466
3573|1341|429
3574|1341|1071
3575|1334|1042
3576|1342|71360
3577|1342|726
3578|1343|433
3579|1343|726
3580|1344|1071
3581|1345|433
3582|1345|1028
3583|1345|71462
3584|1345|189
3585|1345|1071
3586|1346|71139
3587|1346|1079
3588|1346|71357
3589|1346|429
3590|1346|1071
3591|1348|81
3592|1348|1067
3593|1348|29292
3594|1348|1071
3595|1349|71360
3596|1349|71139
3597|1349|1079
3598|1349|71357
3599|1349|1071
3600|1350|71392
3601|1350|1037
3602|1350|1266
3603|1350|1079
3604|1350|1255
3605|1350|429
3606|1351|71360
3607|1351|1009
3608|1351|71139
3609|1351|71357
3610|1351|1017
3611|1351|429
3612|1351|1071
3613|1352|71360
3614|1352|1009
3615|1352|71139
3616|1352|71357
3617|1352|1017
3618|1352|429
3619|1352|1071
3620|1353|1042
3621|1353|1268
3622|1353|1079
3623|1353|69038
3624|1353|1071
3625|1354|71360
3626|1354|1009
3627|1354|71139
3628|1354|1079
3629|1354|71357
3630|1354|429
3631|1354|1071
3632|1355|497
3633|1355|71411
3634|1355|1028
3635|1355|1029
3636|1355|1255
3637|1355|1258
3638|1356|433
3639|1356|1259
3640|1356|1029
3641|1356|1150
3642|1357|1071
3646|1358|71401
3647|1359|1009
3648|1359|71139
3649|1359|1256
3650|1359|1257
3651|1359|71357
3652|1359|71423
3653|1360|71360
3654|1360|71357
3655|1360|429
3656|1360|1071
3657|1361|1009
3658|1361|71139
3659|1361|1256
3660|1361|1257
3661|1361|425
3662|1361|71357
3663|1361|71423
3664|1362|71360
3665|1362|1009
3666|1362|71357
3667|1362|429
3668|1362|1071
3669|1363|71139
3670|1363|71421
3671|1363|1256
3672|1363|1257
3673|1363|425
3674|1363|71357
3675|1364|71139
3676|1364|71421
3677|1364|1256
3678|1364|1257
3679|1364|425
3680|1364|71357
3681|1365|71401
3682|1366|71139
3683|1366|71421
3684|1366|1256
3685|1366|1257
3686|1366|425
3687|1366|71357
3688|1367|71139
3689|1367|71421
3690|1367|1256
3691|1367|1257
3692|1367|425
3693|1367|71357
3694|1368|71401
3695|1369|1009
3696|1369|1035
3697|1370|1009
3698|1370|1035
3699|1371|15874
3700|1371|1028
3701|1371|1029
3702|1371|1142
3703|1371|1255
3704|1371|1079
3705|1372|1057
3706|1372|1255
3707|1372|71463
3708|1372|69038
3709|1372|1142
3710|1372|1079
3711|1372|1080
3712|1372|1081
3713|1373|71376
3714|1373|1037
3715|1373|1268
3716|1373|1079
3717|1373|425
3718|1373|429
3719|1373|1071
3720|1374|433
3721|1375|71357
3722|1375|726
3723|1377|71357
3724|1377|726
3725|1378|71357
3726|1378|726
3727|1380|71357
3728|1380|726
3729|1381|71357
3730|1381|726
3731|1382|71357
3732|1382|726
3733|1383|71357
3734|1383|726
3735|1384|71357
3736|1384|726
3737|1385|71357
3738|1385|726
3739|1376|71357
3740|1376|726
3741|1379|71357
3742|1379|726
3743|1386|1042
3744|1386|71139
4068|1456|1072
4069|1456|1029
4070|1456|1142
3748|1390|994
3749|1391|1259
3750|1391|1029
3751|1391|510
3752|1391|433
3753|1392|1009
3754|1392|71139
3755|1392|71421
3756|1392|1256
3757|1392|1257
3758|1392|425
3759|1392|71357
3760|1393|1009
3761|1393|71139
3762|1393|71421
3763|1393|1256
3764|1393|1257
3765|1393|425
3766|1393|71357
3767|1394|1009
3768|1394|71139
3769|1394|71357
3770|1394|1257
3771|1394|425
3772|1394|71421
3773|1395|1056
3774|1395|1057
3775|1395|1042
3776|1395|1043
3777|1395|1268
3778|1395|1079
3779|1396|71408
3780|1396|1009
3781|1396|71139
3782|1396|1079
3783|1396|71357
3784|1396|1071
3785|736|1254
3786|1397|1268
3787|1397|1071
3788|1397|69038
3789|1397|1079
3790|1398|120
3791|1398|71357
3792|1398|71390
3793|1398|71360
3794|1399|726
3795|1399|1257
3796|1399|425
3797|1399|71357
3798|1399|71423
3799|1400|1009
3800|1400|71421
3801|1400|726
3802|1400|1257
3803|1400|425
3804|1400|71357
3805|1401|1009
3806|1401|71421
3807|1401|726
3808|1401|1257
3809|1401|425
3810|1401|71357
3811|1402|71408
3812|1402|1042
3813|1402|71462
3814|1402|425
3815|1402|1071
3816|1403|71360
3817|1404|71360
3818|1405|1009
3819|1405|1035
3820|1406|71456
3821|1406|71442
3822|1407|1257
3823|1407|1009
3824|1407|726
3825|1407|71401
3826|1408|71360
3827|1409|71408
3828|1409|71411
3829|1409|1029
3830|1409|71390
3831|1410|71357
3832|1410|1256
3833|1410|1257
3834|1410|425
3835|1410|71374
3836|1410|1039
3837|1410|1009
3838|1410|726
3839|1410|71421
3840|1411|71357
3841|1411|1256
3842|1411|1257
3843|1411|425
3844|1411|71374
3845|1411|1039
3846|1411|1009
3847|1411|726
3848|1411|71421
3849|1412|71357
3850|1412|1256
3851|1412|1257
3852|1412|425
3853|1412|1039
3854|1412|1009
3855|1412|726
3856|1412|71421
3857|1413|71357
3858|1413|1256
3859|1413|1257
3860|1413|425
3861|1413|71374
3862|1413|1039
3863|1413|1009
3864|1413|726
3865|1413|71421
3866|1414|1256
3867|1414|1257
3868|1414|425
3869|1414|71374
3870|1414|1039
3871|1414|1009
3872|1414|726
3873|1414|71357
3874|1414|71423
3875|1415|1256
3876|1415|1257
3877|1415|425
3878|1415|71374
3879|1415|1039
3880|1415|1009
3881|1415|726
3882|1415|71357
3883|1415|71423
3884|1416|1079
3885|1417|1257
3886|1417|1009
3887|1417|726
3888|1418|1257
3889|1418|1009
3890|1418|726
3891|1419|1009
3892|1419|71421
3893|1419|726
3894|1419|1257
3895|1419|425
3896|1419|71357
3897|1419|71374
3898|1420|1009
3899|1420|71421
3900|1420|726
3901|1420|1257
3902|1420|425
3903|1420|71357
3904|1420|71374
3905|1421|1009
3906|1421|726
3907|1421|1257
3908|1421|425
3909|1421|71357
3910|1421|71374
3911|1421|71423
3912|1422|1009
3913|1422|1035
3914|1423|1009
3915|1423|1035
3916|1424|433
3917|1424|1259
3918|1424|1029
3919|1424|1150
3923|1426|1073
3924|1426|1254
3925|1426|1071
3926|1427|71360
3927|1428|1071
3928|1429|1035
3929|1430|71360
3930|1430|71357
3931|1431|1009
3932|1431|71359
3933|1431|1103
3934|1431|174
3935|1431|1071
3936|1432|71392
3937|1432|71139
3938|1432|429
3939|1432|1071
3940|1432|71360
3941|1433|726
3942|1433|1256
3943|1433|1257
3944|1433|425
3945|1433|71357
3946|1433|71423
3947|1434|726
3948|1434|1256
3949|1434|1257
3950|1434|425
3951|1434|71357
3952|1434|71423
3953|1435|1254
3954|1435|726
3955|1435|1256
3956|1435|1257
3957|1435|425
3958|1435|71357
3959|1435|71423
3960|1436|1254
3961|1436|726
3962|1436|1256
3963|1436|1257
3964|1436|425
3965|1436|71357
3966|1436|71423
3967|1437|1254
3968|1437|71357
3969|1437|1256
3970|1437|1257
3971|1437|425
3972|1437|71374
3973|1437|726
3974|1437|71421
3975|1438|71421
3976|1438|1254
3977|1438|1256
3978|1438|1257
3979|1438|425
3980|1438|71357
3981|1438|71374
3982|1439|425
3983|1439|726
3984|1439|1255
3985|1441|1264
3986|1441|71386
3987|1441|146
3988|1441|432
3989|1441|726
3990|1440|71360
3991|1440|71386
3992|1440|71357
3993|1440|726
3994|1442|71357
3995|1442|429
3996|1442|1071
3997|1442|1009
3998|1442|438
3999|1442|189
4000|1442|71386
4001|1442|4253
4002|1443|71392
4003|1443|71360
4004|1443|726
4005|1443|429
4006|1443|1071
4007|1444|71392
4008|1444|71360
4009|1444|726
4010|1444|429
4011|1444|1071
4012|1445|71360
4013|1445|71357
4014|1446|71386
4015|1446|71390
4016|1446|726
4017|1447|1117
4018|1447|726
4019|1447|429
4020|1447|71390
4021|1447|1039
4022|1448|1035
4023|1449|71139
4024|1449|1028
4025|1449|1030
4026|1449|1255
4027|1449|1032
4028|1449|824
4029|1449|71386
4030|1449|71418
4031|1450|71421
4032|1450|726
4033|1450|1256
4034|1450|1257
4035|1450|425
4036|1450|71357
4037|1451|71421
4038|1451|726
4039|1451|1256
4040|1451|1257
4041|1451|425
4042|1451|71357
4043|1452|71421
4044|1452|726
4045|1452|1256
4046|1452|1257
4047|1452|425
4048|1452|71357
4049|1453|71421
4050|1453|726
4051|1453|1256
4052|1453|1257
4053|1453|425
4054|1453|71357
4055|1454|726
4056|1454|1256
4057|1454|1257
4058|1454|425
4059|1454|71357
4060|1454|71423
4061|1455|71423
4062|1455|726
4063|1455|1256
4064|1455|1257
4065|1455|425
4066|1455|71357
4067|1455|1039
4071|1456|1255
4072|1456|71386
4073|1456|1039
4074|1457|71474
4075|1457|726
4076|1457|1142
4077|1457|71386
4078|1457|71499
4079|1457|1039
4080|1457|71472
4081|1458|71472
4082|1458|71474
4083|1458|726
4084|1458|1142
4085|1458|71386
4086|1458|71499
4087|1458|1039
4088|1459|71472
4089|1459|71474
4090|1459|726
4091|1459|1142
4092|1459|71386
4093|1459|71499
4094|1459|1039
4095|1460|1117
4096|1460|726
4097|1460|71386
4098|1460|429
4099|1460|1039
4100|1461|1009
4101|1461|71421
4102|1461|726
4103|1461|1257
4104|1461|425
4105|1461|71357
4106|1461|71374
4107|1462|726
4108|1462|1257
4109|1462|425
4110|1462|71421
4111|1462|71374
4112|1462|1039
4113|1463|71411
4114|1463|726
4115|1463|71386
4116|1463|1242
4117|1463|429
4118|1463|1039
4119|1464|824
4120|1464|1028
4121|1464|1030
4122|1464|1255
4123|1464|1032
4124|1464|726
4125|1464|1071
4126|1465|824
4127|1465|1028
4128|1465|1030
4129|1465|1255
4130|1465|1032
4131|1465|726
4132|1465|1071
4133|1466|824
4134|1466|1028
4135|1466|1030
4136|1466|1255
4137|1466|1032
4138|1466|726
4139|1466|1071
4140|1467|71360
4141|1467|726
4142|1467|1255
4143|1467|1017
4144|1467|71466
4145|1467|71357
4146|1468|71360
4147|1468|726
4148|1468|1255
4149|1468|1017
4150|1468|71466
4151|1468|71357
4152|1468|1039
4153|1469|1028
4154|1469|1030
4155|1469|1255
4156|1469|1032
4157|1469|1071
4158|1469|726
4159|1469|824
4160|1469|71418
4161|1470|1028
4162|1470|1030
4163|1470|1255
4164|1470|1032
4165|1470|1071
4166|1470|726
4167|1470|824
4168|1470|71418
4169|1471|1028
4170|1471|1030
4171|1471|1032
4172|1471|1071
4173|1471|146
4174|1471|726
4175|1471|824
4176|1471|71418
4177|1472|146
4178|1472|1028
4179|1472|1030
4180|1472|726
4181|1472|1032
4182|1472|71418
4183|1472|1071
4184|1473|1028
4185|1473|1030
4186|1473|1255
4187|1473|1032
4188|1473|726
4189|1473|71418
4190|1473|1071
4191|1474|1028
4192|1474|1030
4193|1474|1255
4194|1474|1032
4195|1474|1071
4196|1474|146
4197|1474|726
4198|1474|71418
4199|1475|146
4200|1475|1028
4201|1475|1030
4202|1475|726
4203|1475|1032
4204|1475|71418
4205|1475|1071
4206|1476|146
4207|1476|1028
4208|1476|1030
4209|1476|726
4210|1476|1032
4211|1476|71418
4212|1476|1071
4213|1477|1028
4214|1477|1030
4215|1477|1255
4216|1477|1032
4217|1477|1071
4218|1477|146
4219|1477|726
4220|1477|71418
4221|1478|1028
4222|1478|1030
4223|1478|1255
4224|1478|1032
4225|1478|1071
4226|1478|146
4227|1478|726
4228|1478|71418
4229|1479|1028
4230|1479|1030
4231|1479|1255
4232|1479|1032
4233|1479|1071
4234|1479|146
4235|1479|726
4236|1479|71418
4237|1480|1028
4238|1480|1030
4239|1480|1255
4240|1480|1032
4241|1480|1071
4242|1480|146
4243|1480|726
4244|1480|71418
4245|1481|1028
4246|1481|1030
4247|1481|1255
4248|1481|1032
4249|1481|1071
4250|1481|146
4251|1481|726
4252|1481|71418
4253|1482|1028
4254|1482|1030
4255|1482|1255
4256|1482|1032
4257|1482|1071
4258|1482|146
4259|1482|726
4260|1482|71418
4261|1483|1028
4262|1483|1030
4263|1483|1255
4264|1483|1032
4265|1483|1071
4266|1483|146
4267|1483|726
4268|1483|71418
4269|1484|1028
4270|1484|1030
4271|1484|1255
4272|1484|1032
4273|1484|1071
4274|1484|146
4275|1484|726
4276|1484|71418
4277|1485|1028
4278|1485|1030
4279|1485|1255
4280|1485|1032
4281|1485|1071
4282|1485|146
4283|1485|726
4284|1485|71418
4285|1486|1028
4286|1486|1030
4287|1486|1255
4288|1486|1032
4289|1486|1071
4290|1486|146
4291|1486|726
4292|1486|71418
4293|1487|1028
4294|1487|1030
4295|1487|1255
4296|1487|1032
4297|1487|1071
4298|1487|146
4299|1487|726
4300|1487|71418
4301|1488|71360
4302|1489|1071
4303|1490|6046
4304|1491|46241
4305|1491|726
4306|1491|1142
4307|1491|71384
4308|1491|71386
4309|1491|1021
4310|1492|1088
4311|1492|71360
4312|1492|71458
4313|1492|726
4314|1492|1142
4315|1492|1259
4316|1492|1085
4317|1493|1264
4318|1493|71386
4319|1493|1067
4320|1493|71276
4321|1490|71357
4322|758|71357
4323|709|1071
4324|712|1071
4325|847|1071
4326|822|1071
4881|1619|1017
4882|1619|71466
4329|1494|71360
4330|1495|726
4883|1619|726
4334|1494|726
4335|1497|71358
4336|1498|71358
4337|1499|71358
4338|1500|71360
4339|1500|726
4340|1500|1255
4341|1500|1017
4342|1500|71466
4343|1500|71357
4344|1500|1039
4345|1501|71386
4346|1501|71411
4347|1501|1029
4348|1501|1142
4349|1502|71425
4350|1502|71386
4351|1502|1067
4352|1502|1142
4353|1503|1067
4354|1503|1142
4355|1503|71455
4356|1504|1009
4357|1504|726
4358|1504|1257
4359|1504|425
4360|1504|71357
4361|1504|71374
4362|1504|71423
4363|1505|1009
4364|1505|726
4365|1505|1257
4366|1505|425
4367|1505|71357
4368|1505|71374
4369|1505|71423
4370|1506|1009
4371|1506|71421
4372|1506|726
4373|1506|1257
4374|1506|425
4375|1506|71357
4376|1507|71410
4377|1507|1029
4378|1507|726
4379|1507|1142
4380|1507|71386
4381|1508|726
4382|1508|1255
4383|1508|1142
4384|1508|71390
4385|1508|71438
4386|1508|71384
4387|1509|71718
4388|1509|71384
4389|1509|726
4390|1509|1255
4391|1510|726
4392|1510|1255
4393|1510|1142
4394|1510|71387
4395|1510|71384
4396|1511|71472
4397|1511|71474
4398|1511|726
4399|1511|1142
4400|1511|71386
4401|1511|71499
4402|1511|1039
4403|1512|1024
4404|1512|726
4405|1512|1258
4406|1512|71467
4407|1512|71276
4408|1512|1021
4409|1513|71410
4410|1513|1071
4411|1514|726
4412|1514|1142
4413|1514|71465
4414|1514|71386
4415|1514|71438
4416|1515|726
4417|1515|1142
4418|1515|71465
4419|1515|71386
4420|1515|71438
4421|1516|1256
4422|1516|1257
4423|1516|1259
4424|1516|726
4425|1517|71360
4426|1517|726
4427|1518|726
4428|1518|1256
4429|1518|1257
4430|1518|425
4431|1518|71357
4432|1518|71423
4433|1519|71360
4434|1519|726
4435|1520|1256
4436|1520|1257
4437|1520|1259
4438|1520|726
4439|1521|71360
4440|1522|1256
4441|1522|1257
4442|1522|1259
4443|1522|726
4444|1523|1257
4445|1523|726
4446|1523|71423
4447|1524|71360
4448|1525|726
4449|1525|1256
4450|1525|1257
4451|1525|425
4452|1525|71421
4453|1525|71374
4454|1523|71374
4455|1526|726
4456|1526|1256
4457|1526|1257
4458|1526|71421
4459|1526|71374
4460|1526|1039
4461|1527|726
4462|1527|1256
4463|1527|1257
4464|1527|71421
4465|1527|71374
4466|1527|1039
4467|1528|1254
4468|1528|726
4469|1528|1256
4470|1528|1257
4471|1528|71421
4472|1528|71374
4473|1528|1039
4474|1529|71359
4475|1530|71360
4476|1531|71359
4477|1532|1009
4478|1532|1071
4479|1532|438
4480|1532|189
4481|1532|4253
4482|1532|71357
4483|1532|429
4484|1533|425
4485|1533|71466
4486|1533|50585
4487|1533|429
4488|1533|1009
4489|1533|726
4490|1533|1142
4491|1533|1017
4492|1534|71465
4493|1534|726
4494|1535|71592
4495|1535|71359
4496|1496|1042
4497|1496|71446
4498|1536|71360
4499|1537|71360
4500|1537|726
4501|1538|1009
4502|1538|71421
4503|1538|726
4504|1538|1257
4505|1538|71357
4506|1538|71374
4507|1539|1009
4508|1539|726
4509|1539|1257
4510|1539|71374
4511|1539|71423
4512|1540|1009
4513|1540|726
4514|1540|1257
4515|1540|71421
4516|1540|71374
4517|1541|146
4518|1541|1028
4519|1541|1029
4520|1541|71721
4521|1541|1071
4522|1542|429
4523|1542|1079
4524|1543|429
4525|1544|432
4526|1544|1266
4527|1544|1029
4528|1544|726
4529|1544|120
4530|1544|71386
4531|1545|1258
4532|1545|71467
4533|1545|1023
4534|1546|71386
4535|1546|146
4536|1546|71460
4537|1546|71357
4538|1547|71360
4539|1547|185
4541|1547|71357
4542|1548|71360
4543|1548|185
4545|1548|71357
4549|1550|1254
4550|1550|1256
4551|1550|1257
4552|1550|1258
4553|1550|71374
4554|1550|1039
4555|1550|1009
4556|1550|71421
4557|1551|1009
4558|1551|1254
4559|1551|1256
4560|1551|1257
4561|1551|71421
4562|1551|71374
4563|1551|1039
4564|1552|1009
4565|1552|1256
4566|1552|1257
4567|1552|71421
4568|1552|71374
4569|1552|1039
4570|1553|1254
4571|1553|726
4572|1553|1256
4573|1553|71421
4574|1553|71374
4575|1553|1039
4576|1554|1009
4577|1554|71423
4578|1554|1254
4579|1554|1256
4580|1554|71374
4581|1554|1039
4582|1555|71423
4583|1555|1254
4584|1555|1256
4585|1555|1257
4586|1555|71374
4587|1555|1039
4588|1556|71465
4589|1556|71466
4590|1556|726
4591|1546|30961
4592|1547|1017
4593|1547|71462
4594|1548|1017
4595|1548|71466
4596|1548|71462
4597|1557|1071
4598|1558|726
4599|1558|1017
4600|1558|71466
4601|1558|189
4602|1558|71390
4603|1559|71721
4604|1559|726
4605|1559|438
4606|1559|1255
4607|1560|71139
4608|1560|1254
4609|1561|1017
4610|1561|189
4611|1561|726
4612|1561|1255
4613|1562|71442
4614|1562|71474
4615|1563|1028
4616|1563|1071
4617|1563|463
4618|1564|71357
4619|1564|5562
4620|1564|429
4621|1564|1071
4622|1565|1009
4623|1565|71423
4624|1565|1256
4625|1565|1257
4626|1565|71374
4627|1565|1039
4628|1566|71423
4629|1566|1254
4630|1566|726
4631|1566|1256
4632|1566|1257
4633|1566|71374
4634|1566|1039
4635|1567|1009
4636|1567|1256
4637|1567|1257
4638|1567|71421
4639|1567|71374
4640|1567|1039
4641|1568|1009
4642|1568|1256
4643|1568|1257
4644|1568|71421
4645|1568|71374
4646|1568|1039
4647|1569|1009
4648|1569|1256
4649|1569|1257
4650|1569|71421
4651|1569|71374
4652|1569|1039
4653|1570|1009
4654|1570|1256
4655|1570|1257
4656|1570|71421
4657|1570|71374
4658|1570|1039
4659|1571|1009
4660|1571|1256
4661|1571|1257
4662|1571|71421
4663|1571|71374
4664|1571|1039
4665|1572|1009
4666|1572|1256
4667|1572|1257
4668|1572|71421
4669|1572|71374
4670|1572|1039
4671|1573|432
4672|1573|71425
4673|1573|1028
4674|1573|1030
4675|1573|1255
4676|1573|824
4677|1574|433
4678|1574|1259
4679|1574|1029
4680|1574|1150
4681|1575|1021
4682|1575|71357
4683|1576|1254
4684|1576|433
4685|1576|726
4686|1577|1254
4687|1577|433
4688|1577|726
4689|1578|1254
4690|1578|726
4691|1579|1009
4692|1579|71421
4693|1579|726
4694|1579|1257
4695|1579|71357
4696|1579|71374
4697|1580|1009
4698|1580|71421
4699|1580|726
4700|1580|1257
4701|1580|71357
4702|1580|71374
4703|1581|1009
4704|1581|726
4705|1581|1257
4706|1581|71357
4707|1581|71374
4708|1581|71423
4709|1582|1258
4710|1582|1029
4711|1583|2329
4712|1583|726
4713|1584|726
4714|1584|1255
4715|1584|824
4716|1584|1258
4717|1584|71390
4718|1584|71410
4719|1585|432
4720|1585|71410
4721|1585|726
4722|1585|1255
4723|1585|824
4724|1585|1258
4725|1586|1009
4726|1586|438
4727|1586|189
4728|1586|120
4729|1586|4253
4730|1586|71357
4731|1586|71390
4732|1587|432
4733|1587|1041
4734|1587|71357
4735|1587|71390
4736|1588|71442
4737|1588|726
4738|1588|174
4739|1588|1255
4740|1589|1009
4741|1589|71421
4742|1589|726
4743|1589|1257
4744|1589|71357
4745|1589|71374
4746|1590|1009
4747|1590|71421
4748|1590|726
4749|1590|1257
4750|1590|71357
4751|1590|71374
4752|1591|1009
4753|1591|726
4754|1591|1257
4755|1591|71357
4756|1591|71374
4757|1591|71423
4758|1592|71442
4759|1592|71718
4760|1593|71474
4761|1593|726
4762|1593|71387
4763|1593|429
4764|1593|174
4765|1593|1071
4766|1594|71357
4767|1594|429
4768|1594|726
4769|1594|1071
4770|1595|69038
4771|1595|1079
4772|1595|1142
4773|1595|183
4774|1596|71466
4775|1596|71357
4776|1596|1071
4777|1597|438
4778|1597|189
4779|1597|120
4780|1597|71386
4781|1597|71357
4782|1598|71721
4783|1598|1050
4784|1598|69038
4785|1598|1142
4786|1599|726
4787|1599|24199
4788|1599|71357
4789|1599|1255
4790|1599|429
4791|1600|71729
4792|1600|726
4793|1600|1080
4794|1600|71401
4795|1600|1082
4796|1600|1081
4797|1601|71360
4798|1601|726
4799|1602|71729
4800|1602|425
4801|1602|1082
4802|1602|1259
4803|1602|429
4804|1602|510
4805|1603|71359
4806|1604|71466
4807|1604|71357
4808|1604|726
4809|1604|1255
4810|1605|1009
4811|1605|1256
4812|1605|1257
4813|1605|71421
4814|1605|71374
4815|1605|1039
4816|1606|1009
4817|1606|1256
4818|1606|1257
4819|1606|71421
4820|1606|71374
4821|1606|1039
4822|1607|1009
4823|1607|1256
4824|1607|1257
4825|1607|71421
4826|1607|71374
4827|1607|1039
4828|1608|1009
4829|1608|1256
4830|1608|1257
4831|1608|71421
4832|1608|71374
4833|1608|1039
4834|1609|1009
4835|1609|71423
4836|1609|1256
4837|1609|1257
4838|1609|71374
4839|1609|1039
4840|1610|1009
4841|1610|71423
4842|1610|1256
4843|1610|1257
4844|1610|71374
4845|1610|1039
4846|1611|1009
4847|1611|71421
4848|1611|726
4849|1611|1257
4850|1611|71357
4851|1611|71374
4852|1612|1009
4853|1612|71421
4854|1612|726
4855|1612|1257
4856|1612|71357
4857|1612|71374
4858|1613|1009
4859|1613|726
4860|1613|1257
4861|1613|71357
4862|1613|71374
4863|1613|71423
4864|1614|481
4865|1614|726
4866|1614|1255
4867|1615|1264
4868|1615|71425
4869|1615|71426
4870|1615|432
4871|1616|71466
4872|1616|71357
4873|1616|1071
4874|1617|71370
4875|1617|71387
4876|1617|1028
4877|1617|1255
4878|1618|71360
4879|1618|481
4880|1618|726
4884|1620|71386
4885|1620|1067
4886|1620|1029
4887|1620|71411
4888|1621|71423
4889|1621|1256
4890|1621|1257
4891|1621|71374
4892|1621|1039
4893|1622|71426
4894|1622|1254
4895|1622|1256
4896|1622|71374
4897|1622|1039
4898|1623|71426
4899|1623|1254
4900|1623|1256
4901|1623|71374
4902|1623|1039
4903|1624|71426
4904|1624|1254
4905|1624|1256
4906|1624|71374
4907|1624|1039
4908|1625|71426
4909|1625|1254
4910|1625|1256
4911|1625|71374
4912|1625|1039
4913|1626|71426
4914|1626|1254
4915|1626|1256
4916|1626|71374
4917|1626|1039
4921|1628|1009
4922|1628|71474
4923|1628|726
4924|1628|174
4925|1629|71357
4926|1629|1071
4927|1629|1255
4928|1630|71359
4935|1631|1009
4936|1631|1254
4937|1631|726
4938|1631|1256
4939|1631|1257
4940|1631|71421
4941|1631|71374
4942|1632|1028
4943|1632|726
4944|1632|1255
4945|1632|183
4946|1632|71370
4947|1633|71386
4948|1633|429
4949|1633|71357
4950|1634|71358
4951|1635|1042
4952|1636|71456
4953|1636|71721
4954|1636|71357
4955|1636|71462
4956|1637|71358
4957|1638|1254
4958|1638|1256
4959|1638|1257
4960|1638|71421
4961|1638|71374
4962|1639|1009
4963|1639|726
4964|1639|1257
4965|1639|71421
4966|1639|71374
4967|1640|1254
4968|1640|726
4969|1640|1256
4970|1640|71374
4971|1640|71423
4972|1641|1254
4973|1641|1256
4974|1641|1257
4975|1641|71374
4976|1641|71423
4977|1642|1009
4978|1642|1254
4979|1642|726
4980|1642|1256
4981|1642|1257
4982|1642|71421
4983|1642|71374
4984|1643|1009
4985|1643|1254
4986|1643|1256
4987|1643|1257
4988|1643|71421
4989|1643|71374
4990|1644|71466
4991|1644|71357
4992|1644|71390
4993|1645|71360
4994|1645|1042
4995|1646|71474
4996|1646|726
4997|1646|1255
4998|1646|71721
4999|1646|183
5000|1647|1255
5001|1647|1079
5002|1648|1029
5003|1648|726
5004|1648|1079
5005|1648|120
5006|1648|1259
5007|1648|71390
5008|1649|1029
5009|1649|726
5010|1649|1079
5011|1649|120
5012|1649|1259
5013|1649|71390
5014|1650|13600
5015|1650|71467
5016|1650|475
5017|1650|71721
5018|1651|71421
5019|1651|726
5020|1651|1257
5021|1651|71357
5022|1651|71374
5023|1652|726
5024|1652|1257
5025|1652|71357
5026|1652|71374
5027|1652|71423
5028|1653|71421
5029|1653|726
5030|1653|1257
5031|1653|71357
5032|1653|71374
5033|1654|432
5034|1654|71425
5035|1654|1028
5036|1654|1255
5037|1655|71360
5038|1656|432
5039|1656|71425
5040|1656|1028
5041|1656|183
5042|1656|71721
5043|1657|71425
5044|1657|1071
5045|1657|726
5046|1657|1079
5047|1658|71721
5048|1658|71359
5049|1659|71357
5050|1659|71359
5051|1660|1009
5052|1660|71359
5053|1660|71390
5054|1660|174
5055|1660|1103
5056|1661|71474
5057|1662|1009
5058|1662|71139
5059|1662|1254
5060|1662|1256
5061|1662|71467
5065|765|1256
5066|765|1254
5067|709|1256
5068|709|71139
5069|709|1254
5070|758|1254
5071|750|1256
5072|748|1256
5073|796|1256
5074|796|71421
5075|1664|432
5076|1664|71425
5077|1664|71721
5078|1664|1067
5079|1664|71390
5080|1665|71359
5081|1666|1042
5082|1666|726
5083|1667|1141
5084|1667|438
5085|1667|1071
5086|1668|432
5087|1668|1141
5088|1668|438
5089|1668|1071
5090|1669|726
5091|1669|71463
5092|1669|1017
5093|1669|71466
5094|1669|71390
5095|1670|1009
5096|1670|71139
5097|1670|1254
5098|1670|1256
5099|1670|1257
5100|1671|1071
5101|1673|1009
5102|1673|1254
5103|1673|726
5104|1673|1256
5105|1673|1257
5106|1673|71421
5107|1673|71374
5108|1674|1009
5109|1674|1254
5110|1674|1256
5111|1674|1257
5112|1674|71421
5113|1674|71374
5114|1675|1009
5115|1675|1254
5116|1675|726
5117|1675|1256
5118|1675|1257
5119|1675|71421
5120|1675|71374
5121|1676|1009
5122|1676|1254
5123|1676|1256
5124|1676|1257
5125|1676|71421
5126|1676|71374
5127|1677|1009
5128|1677|1254
5129|1677|726
5130|1677|1256
5131|1677|1257
5132|1677|71374
5133|1677|71423
5134|1678|1009
5135|1678|1254
5136|1678|1256
5137|1678|1257
5138|1678|71374
5139|1678|71423
5140|1684|1071
5141|1685|71421
5142|1685|726
5143|1685|1257
5144|1685|71357
5145|1685|71374
5146|1686|1071
5147|1687|1009
5148|1687|1254
5149|1687|726
5150|1687|1256
5151|1687|1257
5152|1687|71374
5153|1687|71423
5154|1688|1009
5155|1688|1254
5156|1688|726
5157|1688|1256
5158|1688|1257
5159|1688|71421
5160|1688|71374
5161|1689|1009
5162|1689|1254
5163|1689|726
5164|1689|1256
5165|1689|1257
5166|1689|71421
5167|1689|71374
5168|1690|1009
5169|1690|1254
5170|1690|726
5171|1690|1256
5172|1690|1257
5173|1690|71421
5174|1690|71374
5175|1691|1009
5176|1691|1254
5177|1691|1256
5178|1691|1257
5179|1691|71374
5180|1691|71423
5181|1692|1009
5182|1692|1254
5183|1692|1256
5184|1692|1257
5185|1692|71421
5186|1692|71374
5187|1693|1009
5188|1693|1254
5189|1693|1256
5190|1693|1257
5191|1693|71421
5192|1693|71374
5193|1694|1009
5194|1694|1254
5195|1694|1256
5196|1694|1257
5197|1694|71421
5198|1694|71374
5199|1695|71421
5200|1695|726
5201|1695|1257
5202|1695|71357
5203|1695|71374
5204|1696|726
5205|1696|1257
5206|1696|71357
5207|1696|71374
5208|1696|71423
5209|1697|71421
5210|1697|726
5211|1697|1257
5212|1697|71357
5213|1697|71374
5214|1698|71421
5215|1698|726
5216|1698|1257
5217|1698|71357
5218|1698|71374
5219|1699|726
5220|1699|1257
5221|1699|71357
5222|1699|71374
5223|1699|71423
5224|1700|71360
5225|1700|71466
5226|1700|1085
5227|1700|189
5228|1701|71392
5229|1701|71360
5230|1701|726
5231|1701|120
5232|1701|71386
5233|1701|1039
5234|1702|71392
5235|1702|71360
5236|1702|726
5237|1702|120
5238|1702|71386
5239|1702|1039
5240|1703|71360
5241|1703|481
5242|1703|71466
5243|1703|71139
5244|1704|481
5245|1704|726
5246|1704|1255
5247|1705|1009
5248|1705|71139
5249|1705|1254
5250|1700|726
5251|1706|71360
5252|1706|1085
5253|1706|726
5254|1706|71466
5255|1706|189
5256|1707|432
5257|1707|71425
5258|1707|1255
5259|1707|183
5260|1707|71386
5261|1708|71139
5262|1709|71386
5263|1709|1140
5264|1709|71357
5265|1709|726
5266|1710|71139
5267|1710|71359
5268|1711|1009
5269|1711|1254
5270|1711|726
5271|1711|1256
5272|1711|1257
5273|1711|71374
5274|1711|71423
5275|1712|1009
5276|1712|1254
5277|1712|1256
5278|1712|1257
5279|1712|71374
5280|1712|71423
5281|1713|1009
5282|1713|1254
5283|1713|1256
5284|1713|1257
5285|1713|71421
5286|1713|71374
5287|1714|1009
5288|1714|1254
5289|1714|1256
5290|1714|1257
5291|1714|71421
5292|1714|71374
5293|1715|1009
5294|1715|1254
5295|1715|1256
5296|1715|1257
5297|1715|71421
5298|1715|71374
5299|1716|1009
5300|1716|1254
5301|1716|1256
5302|1716|1257
5303|1716|71421
5304|1716|71374
5305|1717|71392
5306|1717|726
5307|1717|120
5308|1717|71386
5309|1717|1039
5310|1718|1028
5311|1718|1030
5312|1718|1255
5313|1718|1032
5314|1718|1039
5315|1718|726
5316|1718|824
5317|1718|71386
5318|1719|194
5319|1719|71466
5320|1719|726
5321|1719|1255
5322|1720|1088
5323|1720|71360
5324|1720|71458
5325|1720|726
5326|1720|71500
5327|1720|1085
5328|1721|1249
5329|1721|438
5330|1722|1042
5331|1722|71387
5332|1722|726
5333|1723|432
5334|1723|55695
5335|1723|174
5336|1723|183
5337|1724|71421
5338|1724|726
5339|1724|1257
5340|1724|71357
5341|1724|71374
5342|1725|71421
5343|1725|726
5344|1725|1257
5345|1725|71357
5346|1725|71374
5347|1726|726
5348|1726|1257
5349|1726|71357
5350|1726|71374
5351|1726|71423
5352|1727|71442
5353|1727|1042
5354|1728|1102
5355|1729|71458
5356|1729|1067
5357|1729|511
5358|1730|440
5359|1730|1117
5360|1731|824
5361|1731|726
5362|1731|1255
5363|1731|1142
5364|1731|1039
5365|1732|824
5366|1732|726
5367|1732|1255
5368|1732|1142
5369|1732|1039
5370|1733|824
5371|1733|726
5372|1733|1255
5373|1733|1142
5374|1733|1039
5375|1734|71721
5376|1734|71442
5377|1734|1042
5378|1735|71139
5379|1735|71374
5380|1736|429
5381|1736|726
5382|1736|1071
5383|1737|71360
5384|1737|1255
5385|1738|432
5386|1738|71425
5387|1738|1028
5388|1739|71456
5389|1739|71442
5390|1739|71718
5391|1739|71360
5392|1740|71359
5393|1741|71360
5394|1742|433
5395|1742|71466
5396|1742|71438
5397|1743|1009
5398|1743|71421
5399|1743|71374
5400|1744|1009
5401|1744|71421
5402|1745|1009
5403|1745|71423
5404|1746|1009
5405|1746|726
5406|1746|71423
5407|1747|1009
5408|1747|71421
5409|1747|726
5410|1748|1009
5411|1748|71421
5412|1748|726
5413|1749|418
5414|1749|1255
5415|1749|183
5416|1749|1258
5417|1749|1067
5418|1749|71420
5419|1749|1071
5420|1750|432
5421|1750|1067
5422|1751|71421
5423|1751|726
5424|1751|1257
5425|1751|71357
5426|1751|71374
5427|1752|1257
5428|1752|71421
5429|1752|71374
5430|1752|726
5431|1753|1257
5432|1753|71421
5433|1753|71374
5434|1753|726
5435|1754|1257
5436|1754|71374
5437|1754|726
5438|1754|71423
5439|1755|1257
5440|1755|71421
5441|1755|71374
5442|1755|726
5443|1756|1257
5444|1756|71421
5445|1756|71374
5446|1756|726
5447|1757|1257
5448|1757|71374
5449|1757|726
5450|1757|71423
5451|1758|432
5452|1758|71474
5453|1758|174
5454|1758|183
5455|1759|432
5456|1759|71721
5457|1759|1255
5458|1759|183
5459|1760|71411
5460|1760|1029
5461|1760|183
5462|1760|71721
5463|1760|71390
5464|1761|1009
5465|1761|71374
5466|1761|71423
5467|1762|1009
5468|1762|71374
5469|1762|71423
5470|1763|1009
5471|1763|71421
5472|1763|71374
5473|1764|1009
5474|1764|71421
5475|1764|1254
5476|1765|1009
5477|1765|71421
5478|1765|1254
5479|1766|1009
5480|1766|71421
5481|1766|1254
5482|1767|1009
5483|1767|4253
5484|1767|189
5485|1767|120
5486|1767|71357
5487|1767|71390
5488|1767|1039
5489|1768|432
5490|1768|71474
5491|1768|174
5492|1768|183
5493|1769|432
5494|1769|1029
5495|1769|71390
5496|1769|183
5497|1770|71425
5498|1770|71411
5499|1770|1028
5500|1770|1029
5501|1770|71390
5502|1771|71390
5503|1771|429
5504|1771|726
5505|1771|24199
5506|1771|71507
5507|1771|71583
5508|1772|1257
5509|1772|71374
5510|1772|71423
5511|1773|1257
5512|1773|71374
5513|1775|71374
5514|1776|71374
5515|1777|71374
5516|1778|1028
5517|1778|183
5518|1778|71721
5519|1778|71466
5520|1778|1017
5521|1779|71425
5522|1779|1028
5523|1779|183
5524|1779|71721
5525|1779|1068
5526|1779|1071
5527|1780|71139
5528|1781|71360
5529|1781|481
5530|1781|189
5531|1781|726
5532|1782|71472
5533|1782|1009
5534|1782|726
5535|1782|174
5536|1782|1071
5537|1783|71474
5538|1783|726
5539|1783|123
5540|1783|71499
5541|1783|1071
5542|1784|1042
5543|1784|71718
5544|1785|71425
5545|1785|1068
5546|1785|1029
5547|1785|726
5548|1786|71474
5549|1786|726
5550|1786|123
5551|1786|71499
5552|1786|71390
5553|1787|71421
5554|1787|726
5555|1787|1257
5556|1787|71357
5557|1787|71374
5558|1788|71421
5559|1788|726
5560|1788|1257
5561|1788|71357
5562|1788|71374
5563|1789|71421
5564|1789|726
5565|1789|1257
5566|1789|71357
5567|1789|71374
5568|1790|726
5569|1790|1257
5570|1790|71357
5571|1790|71374
5572|1790|71423
5573|1791|1009
5574|1791|71421
5575|1791|726
5576|1791|1257
5577|1791|71357
5578|1791|71374
5579|1792|1009
5580|1792|1254
5581|1792|726
5582|1792|1256
5583|1792|1257
5584|1792|71374
5585|1792|71423
5586|1793|71425
5587|1793|71276
5588|1793|174
5589|1794|1029
5590|1794|598
5591|1794|1255
5592|1795|71360
5594|1795|1017
5595|1795|71466
5596|1795|189
5597|1795|1039
5598|1796|1266
5599|1796|598
5600|1796|1255
5601|1797|120
5602|1797|475
5603|1797|726
5604|1798|30961
5605|1798|71460
5606|1798|183
5607|1798|71357
5608|1798|71390
5609|1799|726
5610|1799|2329
5611|1799|71466
5612|1799|1017
5613|1799|1039
5615|1800|71466
5616|1800|726
5618|1767|726
5619|1801|726
5620|1801|189
5621|1801|71357
5622|1801|4253
5623|1801|71390
5624|1801|1039
5625|1802|1009
5626|1802|726
5627|1802|189
5628|1802|120
5629|1802|71357
5630|1802|71390
5631|1802|1039
5632|1803|1009
5633|1803|726
5634|1803|189
5635|1803|120
5636|1803|71357
5637|1803|71390
5638|1803|1039
5639|1804|71504
5640|1804|475
5641|1804|429
5642|1804|726
5643|1805|475
5644|1805|1060
5645|1805|726
5646|1805|1255
5647|1806|1057
5648|1806|71139
5649|1807|71390
5650|1807|1255
5651|1808|1057
5652|1808|726
5653|1808|1255
5654|1809|726
5655|1809|183
5656|1809|71721
5657|1809|69038
5658|1809|1071
5659|1810|71421
5660|1810|1254
5661|1811|1009
5662|1811|71421
5663|1812|1009
5664|1812|71421
5665|1813|1009
5666|1813|71421
5667|1814|1254
5668|1814|1009
5669|1814|71374
5670|1814|71423
5671|1815|1009
5672|1815|71423
5673|1816|71466
5674|1816|71390
5675|1817|71384
5676|1817|1042
5677|1817|69038
5678|1817|726
5679|1818|1017
5680|1818|71466
5681|1818|189
5682|1818|726
5683|1819|1017
5684|1819|71466
5685|1819|189
5686|1819|726
5687|1820|726
5688|1820|183
5689|1820|71721
5690|1820|71370
5691|1820|69038
5692|1821|71360
5693|1821|1085
5694|1821|71398
5695|1821|1255
5696|1822|1009
5697|1822|71421
5698|1822|726
5699|1822|1257
5700|1822|71357
5701|1822|71374
5702|1823|1254
5703|1823|1256
5704|1823|1257
5705|1823|71374
5706|1823|1009
5707|1823|726
5708|1823|71357
5709|1823|71423
5710|1824|1009
5711|1824|1254
5712|1824|726
5713|1824|1256
5714|1824|71357
5715|1824|71374
5716|1824|71423
5717|1825|146
5718|1825|726
5719|1825|1255
5720|1825|55695
5721|1825|71387
5722|1825|1071
5723|1826|71425
5724|1826|1029
5725|1826|183
5726|1826|71721
5727|1826|1071
5728|1827|71721
5729|1827|71507
5730|1827|71500
5731|1827|174
5732|1828|71139
5733|1828|13599
5734|1829|71425
5735|1829|71390
5736|1829|1255
5737|1830|71409
5738|1830|183
5739|1830|71721
5740|1830|1258
5741|1830|1071
5742|1831|1009
5743|1831|71421
5744|1831|1254
5745|1832|1009
5746|1832|71421
5747|1832|1254
5748|1833|1254
5749|1833|1009
5750|1833|71374
5751|1834|71390
5752|1834|1255
5753|1835|71425
5754|1835|71390
5755|1835|1255
5756|1836|1042
5757|1836|69038
5758|1836|726
5759|1836|463
5760|1837|434
5761|1837|1042
5762|1837|1079
5763|1837|1255
5764|1837|71384
5765|1837|183
5766|1838|1029
5767|1838|1255
5768|1838|71370
5769|1838|434
5770|1838|1079
5771|1838|71384
5772|1838|183
5773|1838|1022
5774|1721|1067
5775|1839|1255
5776|1840|429
5777|1840|726
5778|1840|1079
5782|1841|71467
5780|1729|1264
5781|822|1264
5783|1841|475
5785|1843|1254
5786|1843|71421
5787|1843|71374
5788|1844|1009
5789|1844|71423
5790|1845|71421
5791|1845|71374
5792|1846|1009
5793|1846|71374
5794|1846|71423
5795|1848|71386
5796|1848|1255
5797|1848|726
5798|1848|1079
5799|1849|432
5800|1849|1029
5801|1849|726
5802|1849|1079
5803|1849|120
5804|1850|71386
5805|1850|1029
5806|1850|726
5807|1850|1079
5808|1851|1024
5809|1851|1067
5810|1851|1071
5811|1851|1255
5812|1852|726
5813|1852|1079
5814|1852|71384
5815|1852|183
5816|1852|71387
5817|1852|1084
5818|1853|1254
5819|1853|1256
5820|1853|71374
5821|1853|726
5822|1854|1254
5823|1854|71374
5824|1854|726
5825|1855|1254
5826|1855|71374
5827|1855|726
5828|1856|1067
5830|1856|1028
5831|1856|183
5832|1857|1264
5833|1857|429
5834|1857|726
5835|1857|1079
5836|1858|1088
5837|1858|71425
5838|1858|1255
5839|1858|183
5840|1859|1017
5841|1860|71466
5842|1860|71390
5843|1860|726
5844|1860|71463
5845|1861|71466
5846|1861|1071
5847|1861|726
5848|1861|71463
5849|1862|71466
5850|1862|71390
5851|1862|726
5852|1862|71463
5853|1863|598
5854|1863|151
5855|1863|71721
5856|1863|71390
5857|1863|183
5858|1864|71466
5859|1864|71390
5860|1864|726
5861|1864|71463
5862|1865|71374
5863|1865|726
5864|1866|71374
5865|1866|726
5866|1867|71374
5867|1867|726
5868|1868|463
5869|1868|120
5870|1868|71390
5871|1868|71392
5872|1869|1067
5873|1869|1028
5874|1869|71390
5875|1869|1255
5876|1870|71360
5877|1870|71466
5878|1870|726
5879|1871|1082
5880|1871|429
5881|1871|71390
5882|1871|1255
5883|1872|1082
5884|1872|429
5885|1872|71390
5886|1872|1255
5887|1873|71376
5888|1873|433
5889|1873|1028
5890|1873|1255
5891|1873|1067
5892|1874|71376
5893|1874|1071
5894|1874|183
5895|1875|71721
5896|1875|71455
5897|1875|1071
5898|1875|1039
5899|1876|189
5900|1876|726
5901|1876|1039
5902|1877|1009
5903|1877|71423
5904|1878|1009
5905|1878|71421
5906|1878|1255
5907|1879|1009
5908|1879|71426
5909|1879|1254
5910|1880|71411
5911|1880|1029
5912|1880|726
5913|1880|1039
5914|1880|1071
5915|1881|1009
5916|1881|71421
5917|1882|71374
5918|1882|726
5919|1883|71374
5920|1883|726
5921|1884|71374
5922|1884|726
5923|1885|71374
5924|1885|726
5925|1886|71467
5926|1886|475
5927|1886|1255
5928|1887|71499
5929|1887|1039
5930|1887|726
5931|1887|1255
